word,similar_1,score_1,similar_2,score_2,similar_3,score_3,similar_4,score_4,similar_5,score_5
u2-me,in,0.6216,u2-pa-at,0.6177,ku-ši-ih,0.5883,[…],0.5622,a-ak,0.5591
u2,u2-pa-at,0.5209,u2-me,0.4996,tu4-ur,0.4831,a-ak,0.4362,ku-ši-ih,0.4284
ku-ši-ih,u2-me,0.5883,in,0.5663,u2-pa-at,0.5447,(d)in-šu-uš-na-ak,0.5423,a-ak,0.5222
(m)un-taš-dingir-gal,te-ip-ti],0.3734,tu4-ur,0.3512,ku-ši-ih,0.3166,ak-ka,0.3119,(d)in-šu-uš-na-ak4,0.3117
ša-ak,ir,0.3164,hu-[ut-tah],0.2961,(d)zu-un-ki-ir-ri-ša-ar-ra-me,0.2927,(f)na-pír-a-su,0.2779,si-ia-an-ku-uk-pa],0.277
an-za-an,[…],0.4854,u2-me,0.4183,in,0.4024,si-ia-an,0.3898,(d)na-ah-hu-un-te,0.3895
a-ak,tu4-ur,0.6384,(d)in-šu-uš-na-ak,0.5952,u2-me,0.5591,si-ia-an-ku-uk-ra,0.5296,šu-šu-un-ka,0.5249
šu-šu-un-ka,a-ak,0.5249,tu4-ur,0.5112,ku-ši-ih,0.49,u2-me,0.4792,hu-us-si-ip-me,0.4589
su-un-ki-ik,u2-me,0.4824,u2-pa-at,0.4669,ku-ši-ih,0.4491,tu4-ur,0.4121,hi-en-ka,0.4035
si-ia-an,in,0.5455,a-gi,0.5068,u2-pa-at,0.4909,dingir-gal,0.4478,ku-ši-ih,0.4308
tu4-ur,a-ak,0.6384,hi-en-ka,0.5364,šu-šu-un-ka,0.5112,ku-ši-ih,0.5112,u2-me,0.4933
te-la-ak-ni,ša-ra-ra,0.3357,[si-it-tim,0.3068,(d)pi-el-ti-ya,0.3037,in,0.3022,zi-it-me,0.2986
dingir-gal,u2-me,0.5421,(d)in-šu-uš-na-ak,0.5062,u2-pa-at,0.5027,a-gi,0.5025,mu-ur-tah,0.5012
(d)in-šu-uš-na-ak,a-ak,0.5952,ku-ši-ih,0.5423,u2-me,0.5318,dingir-gal,0.5062,[…],0.4978
in,u2-me,0.6216,hu-us-si-ip-me,0.5709,ku-ši-ih,0.5663,si-it-me,0.5478,si-ia-an,0.5455
hu-ut-tak-ha-li-ik,a-gi,0.4591,hi-en-ga,0.4487,in,0.4396,ku-ši-ih,0.4215,in-ti-ik-ka,0.4043
du-ni-ih,u2-me,0.5116,(d)in-šu-uš-na-ak,0.4611,in,0.4488,ku-ši-ih,0.4415,a-ak,0.4263
u2-pa-at,u2-me,0.6177,ku-ši-ih,0.5447,[…],0.5212,u2,0.5209,dingir-gal,0.5027
hi-ih,a-pu-un,0.4864,ku-ši-ih,0.4684,a-gi,0.4409,tu4-ni-ih,0.4367,u2-me,0.425
hu-us-si-ip-me,in,0.5709,u2-me,0.5235,a-ak,0.5041,dingir-gal,0.4884,tu4-ur,0.4869
si-ia-an-ku-uk-ra,a-gi,0.5453,a-ak,0.5296,in,0.5163,ku-ši-ih,0.503,u2-me,0.5018
a-gi,si-ia-an-ku-uk-ra,0.5453,hi-en-ka,0.5422,u2-me,0.5176,si-ia-an,0.5068,ku-ši-ih,0.5056
li-na,hi-en-ga,0.3933,si-it-me,0.3903,(d)PA.TUG2,0.3615,pi-[el,0.3414,u2-ri-pu-pi,0.3397
(md)hu-um-ban-nu-me-na-gi,up-ku-mi-[ia],0.293,te-[la-ak-ni],0.2632,la-an-si-ti-me,0.2457,hu]-us-si-ip-me,0.2434,a-ha,0.222
[…],u2-me,0.5622,u2-pa-at,0.5212,(d)in-šu-uš-na-ak,0.4978,ku-ši-ih,0.4895,an-za-an,0.4854
si-it-me,in,0.5478,u2-me,0.5155,a-gi,0.4812,u2-pa-at,0.4717,šu-šu-un-ka,0.4563
ir,u2-me,0.4199,a-ak,0.3923,u2-pa-at,0.3823,(d)in-šu-uš-na-ak,0.3667,hu-us-si-ip-me,0.354
tu4-ni-ih,hi-ih,0.4367,in-gi,0.397,(d)in-šu-uš-na-ak,0.3899,a-gi,0.3834,a-ha-ar,0.3537
si-ia-an-ku-uk-pa,dingir-gal,0.4512,in,0.4269,si-it-me,0.3992,si-ia-an,0.3659,ki-it-ti-im-ma,0.3514
zu-un-ki-ik,im-me,0.4103,hu-ut-tah-ša,0.4018,in-ti-ik-ka,0.2999,lu-mu-un-ra,0.2668,hi-en-ka,0.2588
in-gi,u2-me,0.5031,dingir-gal,0.4897,ku-ši-ih,0.4884,in,0.4831,(d)in-šu-uš-na-ak,0.451
ki-it-ti-im-ma,in,0.5253,hu-ut-tak-ha-li-ik,0.4028,si-ia-an,0.394,si-it-me,0.3901,u2-me,0.3889
na-a,si-a-an-ku-uk-ra,0.3245,[h]a-li-ik,0.314,pu-uh-x-x,0.3009,šu-ul-lu-me-en-ka,0.2971,hi-en-ka,0.2898
ta-ak-me,tu4-ur,0.4418,(d)in-šu-uš-na-ak,0.4286,hu-us-si-ip-me,0.427,a-ak,0.4227,dingir-gal,0.3962
me-lu-uk-ra,u2,0.3818,a-gi,0.3692,ul-li-na,0.3564,hi-en-ka,0.35,a-pu-un,0.3462
pi-el,(d)in-šu-uš-na-ak,0.3651,in,0.345,u2-me,0.3434,zu-un-ki-me,0.3383,(d)in-šu-[uš]-na-ak,0.3257
si-ia-an-ku-uk,u2-me,0.4509,az-ki-it,0.4196,u2,0.403,in,0.3684,ku-ši-ih,0.3634
az-ki-it,u2-me,0.5162,u2-pa-at,0.4549,in,0.4303,sah-ri,0.4281,(d)in-šu-uš-na-ak,0.4213
ul-li-na,du-ni-ih,0.4101,a-ak,0.3773,u2,0.3738,u2-ri-pu-pi,0.3656,ku-ši-ih,0.3576
un,a-gi,0.402,ša-ri-ih,0.3776,u2,0.3768,a-ak,0.3681,in-ti-ik-ka,0.364
hu-šu-ia,ku-ši-ih,0.4237,tu4-ur,0.398,u2-me,0.3877,(d)in-šu-ši-na-ak,0.3467,a-ak,0.3367
(d)in-šu-ši-na-ak,ku-ši-ih,0.4628,u2-me,0.4182,hi-en-ka,0.4179,si-ia-an,0.4173,a-gi,0.4021
hi-en-ka,a-gi,0.5422,tu4-ur,0.5364,u2-me,0.5191,ku-ši-ih,0.4975,u2-pa-at,0.4564
hi-en-ga,u2-me,0.4809,hu-ut-tak-ha-li-ik,0.4487,hi-en-ka,0.4435,šu-šu-un-ka,0.4371,u2-pa-at,0.4323
sah-ri,in,0.4591,u2-me,0.4329,az-ki-it,0.4281,in-gi,0.4075,si-it-me,0.4034
a-ha-ar,in,0.5358,u2-me,0.4586,hu-us-si-ip-me,0.4416,in-gi,0.4033,a-ak,0.3976
ap-pa,ku-ši-ih,0.3714,si-a-an-ku-uk-ra,0.3612,in,0.3519,su-un-ki-ik,0.345,tu4-um-pa-an-ra,0.3395
mu-ur-tah,dingir-gal,0.5012,in,0.427,si-ia-an,0.4251,u2,0.4243,u2-pa-at,0.4221
u3,ša-tu4-uh-ni,0.2921,ku-[ši-ih,0.2457,uk-ku-pi,0.244,du-ni-iš-ni,0.2303,kuš3,0.2298
i,u2-me,0.3673,a-ha-ar,0.3551,(d)in-šu-uš-na-ak,0.3302,ša-ra-ra,0.3246,pi-el],0.3205
a-ha-an,si-ti-i,0.341,a-al,0.3221,a-ha-ar,0.3006,(d)in-šu-ši-na-ak,0.2898,ki-it-ti-in,0.2851
(d)PA.TUG2,u2-me,0.4128,in,0.4106,[…],0.4039,hu-ut-tak-ha-li-ik,0.3932,mu-ur-tah,0.3872
im-me,a-gi,0.5025,ku-ši-ih,0.4132,zu-un-ki-ik,0.4103,si-ia-an,0.398,in,0.3841
zu-un-ki-me,šu-šu-un-ka,0.4016,ta-at-ta-ah,0.3568,u2-me,0.3553,pi-el,0.3383,hu-us-si-ip-me,0.3352
in-ti-ik-ka,a-gi,0.4181,hu-ut-tak-ha-li-ik,0.4043,si-ia-an,0.399,ku-ši-ih,0.3856,in,0.3781
(md)hu-um-ban-nu-me-na-ki,pa-ka-an-ra,0.3137,hu-uh-tah,0.252,{li}-na,0.2517,(m)un-t[aš]-dingir-gal,0.2476,si-ia-an-[ku-uk-ra,0.2459
zi-it-me,si-it-me,0.3302,hu-ut-tak-ha-li-ik,0.317,[…],0.3061,te-la-ak-ni,0.2986,a-gi,0.2924
ša-ri-ih,a-ak,0.4339,un,0.3776,in,0.3774,si-ia-an,0.3656,(d)in-šu-uš-na-ak,0.3357
ak-ka,tu4-ur,0.463,in,0.4438,su-un-ki-me,0.4386,si-ia-an,0.3936,sah-ri,0.3751
la-ha-ak-ir-ra,(d)in-šu-uš-na-ak,0.4265,tu4-ur,0.4067,a-ak,0.3879,a-ha,0.378,si-ia-an-ku-uk-ra,0.3656
a-pu-un,u2-me,0.5392,hi-ih,0.4864,dingir-gal,0.4425,hu-us-si-ip-me,0.4383,si-it-me,0.4315
šu-ul-lu-me-en-ga,tu4-um-pa,0.2802,[la-ha-ak-ir-ra,0.2598,i-la-a-ni-me,0.2551,az-ki-it,0.2531,pi-ti-ir,0.2494
si-a-an-ku-uk-ra,ku-ši-ih,0.4995,in,0.4878,si-it-me,0.426,e,0.4196,in-gi,0.3893
in-di-ig-ga,in,0.3826,a-ha-ar,0.3806,[ku-ku]-un-nu-um,0.3185,la-an-si-ti-me,0.3068,si-a-an,0.2956
šu-ul-lu-me-ga,(d)PA.TUG2,0.2902,u2,0.2781,a-pu-un,0.2765,si-a-an,0.2487,ku]-ku-un-[nu-um,0.2464
te-ip-ti,u2-me,0.3251,[…],0.3084,ku-ul-la-an-ka,0.3003,hu-ut2-tak?-ha?-[…],0.2962,tu4-ur,0.2918
a-ha,la-ha-ak-ir-ra,0.378,(d)in-šu-uš-na-ak,0.3533,a-ak,0.3521,az-ki-it,0.3427,hi-ih,0.3372
u2-ri-pu-pi,a-ak,0.4478,si-ia-an-ku-uk-ra,0.4172,hi-en-ga,0.4097,u2-pa-at,0.4068,a-gi,0.4039
su-un-ki-me,ak-ka,0.4386,si-ia-an,0.4026,in,0.3974,a-gi,0.3808,ni-im-ma,0.3783
su-un-ki-ip,ha-at,0.3282,su-un-ki-ik,0.3246,mi-ši-ma-na,0.315,ta-ak-me,0.3144,šu-šu-un-ka,0.3017
ku-ku-un-nu-um,in,0.3206,(d)ki-ri-ri-ša-me,0.3109,im-me,0.309,u2,0.3065,in]-ti-ig-[ga],0.2926
(d)ki-ri-ri-ša,hu-us-si-ip-me,0.4562,in,0.4223,si-it-me,0.3929,hi-en-ka,0.3916,šu-šu-un-ka,0.3914
si-a-an,si-it-me],0.38,(d)PA.TUG2,0.352,hu-ut-tak-ha-li-ik,0.3372,[ku-ku]-un-nu-um,0.3272,tu4-ur,0.3213
in-di-ik-ka,tu4-ru-un-ka,0.3896,[šu-šu-un-ka,0.3453,a-ak,0.3058,(d)iš-ni-ka-ra-ab,0.3045,u2,0.298
la-an-si-ti-ip-pa,sah-ri,0.35,si-ia-an-ku-uk-pa,0.3286,mu-ši-it-ta,0.3262,(d)na-bi-um,0.3077,ki-it-ti-im-ma,0.3004
(d)im,ri,0.3145,ka?-ap-na-ak,0.311,li-ik-ri,0.2954,hu-pi-e,0.2923,si-ia-an-ku-uk-pa,0.2869
tu4-um-pa-an-ra,si-ia-an,0.3599,me-en-pu,0.3488,ap-pa,0.3395,im-me,0.3352,ul-li-na,0.3284
(d)30,[…u2-pa-at,0.3131,ki-ik-ki-[…],0.2956,hi-[…],0.2738,ul-li-na,0.2711,si-ia-an-ku]-uk-pa,0.2661
si-ia-an-ra,u2-me,0.3207,lu-be-en,0.3079,un,0.2924,na,0.2876,la-an-si-ti-me,0.2807
hu-ut-ta-an-ra,a-pi-me,0.3706,si-ia-an,0.3543,u2-pa-at,0.3434,la-an-[si-ti-me,0.3407,hi-en-ka,0.3392
tu4-ru-un-ka,in-di-ik-ka,0.3896,a-ak,0.3787,(d)in-šu-uš-na-ak,0.3556,si-ia-an-ku-uk,0.3477,tu4-ur,0.3442
ku-ul-la-an-ka,si-a-an-ku-uk-ra,0.3676,te-ip-ti,0.3003,si]-it-tim,0.2781,lu-lu-uh-šu,0.2769,ša-ri-ih,0.2743
a-ni,dingir-gal,0.3531,si-ia-an-ku-uk,0.3141,šu-šu-un-ka,0.303,ta-ak-me,0.2936,u2-pa-at,0.2796
uk-ku-ri,si-ia-an-ku-uk-ra,0.3242,(d)in-šu-ši-na-ak,0.2703,(d)[hu]-um-ban-nu-me-na-gi,0.2693,tu4-ni-ih,0.2647,hu-uh-tah-ša,0.2554
ha-li-ih,(d)in-šu-uš-n[a-ak,0.2896,ka-ak-pa-ah,0.271,(d)zu-un-ki-ir-ri-ša-ar-ra-me,0.2707,zu-un-ki-me,0.2654,su-un-ki-me,0.2616
hu-pi-e,pi-li-in,0.3174,(d)im,0.2923,[ri?]-mu-um,0.2904,lu-mu-un-ra,0.2809,si-ia-an-[ku-uk-ra,0.279
(d)hu-ban-um-me-en-na-ki,ku-tu4-un,0.3376,dur-na-ah-u2-te-{na}?,0.2985,du-ni-ih,0.2973,ki-nu-ni,0.2849,ul-li-na,0.2733
(d)ši-mut,si-ia-an-ku-uk-ra,0.4383,un,0.3205,si-it-me,0.2997,a-bu-ul,0.2802,u2-me,0.2773
ku-ši-ih-ma,ku-ši-ha,0.2909,si-ia-an-ku-uk-pa-me,0.2851,a-gi,0.2782,si-ia-an-ku-uk-ra,0.2676,me-el-ka-an-ra,0.2614
ul-hi,ku-ši-ih,0.3501,u2-me,0.3382,hu-ut-tah-ša,0.3307,sah-ri,0.3288,tu4-ur,0.3225
(d)pi-ni-gir3,(d)ma-an-za-at,0.2754,(md)hu-ban-nu-me-na-ki,0.2611,[…]-a,0.242,lu-pi-en,0.2381,tu4-ru-un-ka,0.2368
gi-ri-na,šu-šu-un-ka,0.4356,ku-ši-ih,0.3588,si-ia-an-i-me,0.3477,šu-šu-un,0.3088,in,0.293
(d)na-ah-hu-un-te,[…],0.4236,an-za-an,0.3895,(d)in-šu-uš-na-ak,0.3419,ku-ši-ih,0.3184,a-ak,0.3137
du-ni-iš-ni,[an-za-a]n,0.256,en,0.2505,tu4-ur],0.2483,la-an-[si-ti-me,0.2334,u3,0.2303
la-an-si-ti-ir-ra,hu-ut-tak-ha-li-ik,0.4035,(d)ši-ia-šu-um,0.32,ki-it-ti-im-ma,0.3018,si-a-an-ku-uk-ra,0.3016,(m)un-taš-dingir-gal-me,0.2874
si-ia-an-i-me,šu-šu-un-ka,0.4485,ku-ši-ih,0.3768,gi-ri-na,0.3477,in,0.3229,hi-en-ka,0.3208
ur,ki-it-ti-im-ma,0.3195,zu-lu-ka-ak,0.3114,si-ia-an-ku-uk-ra,0.2963,u2-pa-ti-pi,0.2818,ak-ka,0.2638
ku-la-a,la-ni-e,0.3792,an-za-an,0.3301,hu-uh-tah-ša,0.3229,sah-ri,0.3089,hu-ut-tak-ha-li-ik,0.279
(d)u2-pur-ku-pa-ak,(d)in-šu-uš-n[a-ak,0.3,i,0.2857,ku-du-ma,0.2762,si-ia-an-ku-uk,0.2724,an-za-an],0.2699
(md)hu-ban-nu-me-na-gi,si-ia-an,0.3691,ku-ši-ih,0.3683,si-ia-an-ku-uk-ra,0.3561,hu-šu-ia,0.3324,in,0.3311
ku-tu4-un,ma-šu-um,0.3682,(d)hu-ban-um-me-en-na-ki,0.3376,ša-at-ki-me,0.3323,dur-na-ah-u2-te-{na}?,0.3155,[tu4-ur],0.237
pa-ar,dingir-gal,0.306,hu-us-si-ip-me,0.2997,(d)in-šu-uš-na-ak,0.2948,zu-[un-ki-me,0.2833,a-gi,0.2712
ša-ra-ra,ip-il-la-ti,0.3649,te-la-ak-ni,0.3357,i,0.3246,[a-ak,0.3214,li-li-ra,0.3076
ta-ak-ni,si-ia-an,0.3926,u2-pa-at,0.379,[…],0.337,si-ia-an-ku-uk,0.3166,šu-šu-un-ka,0.3124
hi-iš,la-am]-li-[e-ma,0.2738,si-ia-an-[ku-uk-pa,0.2732,u2,0.2562,sah]-ri,0.2476,(d)ru-hu-ra-te-ir-me,0.2395
si-a-an-ku-uk,[az-ki-it,0.2798,(m)ki-,0.2533,hu-ut-ta-ak,0.2482,[an-za-a]n,0.2465,(d)in-šu-uš-n[a-ak,0.2412
hu-uh-tah,si-a-ku-uk,0.3177,ap-pa,0.3038,[ip-il-la-ti],0.2915,me-lu-uk-ra,0.2748,in-gi,0.2611
um-me,si-a-an-ku-uk-ra,0.3137,(d)ha-te-ri-iš-nu-me,0.2934,pu-uk-ši,0.2894,(d)nin-e2-gal,0.2833,su-ku-ša-ak,0.2805
mu-ši-a,a-gi,0.3309,hi-ih,0.3097,(d)na-ah-hu-un-te-ir,0.2907,tu4-um-pa,0.2816,ra,0.2705
hu-ut-ta-ak-ha-li-ik,mu-ur-tah,0.2743,(d)be-la-la,0.2698,ki,0.2616,[hu]-ut2-tak-ha-li-ik,0.2558,lu-pi-en,0.2433
te-la-ak,ul-li-na6,0.2783,ša-ri-ik,0.2779,(d)in-šu-uš-[na-ak],0.2424,an-za-an],0.2189,t]e-la-[ak]-li,0.2138
a-bu-ul,a-ak,0.4105,(d)in-šu-uš-na-ak,0.3637,hi-ih,0.3478,hu-us-si-ip-me,0.3458,si-it-me,0.3446
ha-al,pi-du-um-ma,0.3499,ša-ri-ih,0.2878,u2,0.257,[šu-šu-un-ka,0.2558,hu-us-si-ip-me,0.2449
li-na-pu-un,(husa)tukul-har-sag,0.2883,ka-da-an,0.2492,(m)ki-,0.2416,in-tu4-um,0.2348,(d)hu-ban-nu-me-na-ki,0.2226
hu-hu-un,(d)in-šu-[uš]-na-ak,0.3819,a-gi,0.3301,u2-pa-at,0.3174,ha-at-ta-an-ra,0.2914,hi-en-ka,0.2827
un-taš-dingir-gal,zu-[un-ki-me,0.2908,ta-ak-ni,0.2778,si-ia-an-ku-uk-pa,0.2737,ul-li-na6,0.2712,(d)in-šu-[uš]-na-ak,0.271
(d)ki-la-ah-šu-pi-ir,u2,0.3817,mu-ur-ta-ah,0.3111,dingir-gal,0.3057,hu]-us-si-ip-me,0.2686,[dingir-gal,0.2651
ku-ši-ih-ša,(husa)tukul-har-sag,0.3039,(d)hu-ban-um-me-na-ki,0.2867,hi-iš-e,0.2717,ak-ka,0.2593,(d)in]-šu-uš-n[a-ak,0.2583
pi-it-te-ka,si-ia-an-ku-uk,0.3057,{uk-ku}-me,0.3017,ša-at-ki-me,0.2684,šu-ut-ku-me,0.2634,mu-ur-ti,0.2554
(d)ru-hu-ra-te-ir,a-pu,0.3195,ni,0.2736,li-na,0.2615,si-a-ku-uk,0.2611,si-ia-an-ku-uk,0.2549
(d)hi-iš-mi-ti-ik,hu-ul-pa-ah,0.3049,(d)in-šu-uš-na-ak4,0.3013,(d)ša-la-me,0.2899,(d)in-šu-uš-na-ak-ri,0.2799,hu-ut-tak-ha-li-ku,0.275
(d)na-ap-ra-te-ip,[a]-gi,0.2954,hu-šu-ia,0.2559,[an-za-a]n,0.2537,[dingir-gal,0.2475,[dingir-gal],0.2395
(d)nin-a-li,i-me-ni,0.292,[…],0.2806,ia,0.2659,du-ha-an-ra,0.2536,hu-šu-ia,0.252
(d)ša-la,tu4-ru-uš-ni-e,0.294,[…]-ar-na,0.2858,(d)hi-iš-mi-ti-ik2,0.2727,(d)na-zi-it,0.2682,hu-ut-tak-ha-li-ik,0.2658
(d)na-ah-hu-un-te-ir,su-un-ki-ik,0.3343,hu-ut-ta-an-ra,0.3082,mi-el-ki,0.3037,mu-ši-a,0.2907,(d)pi-el-ti-ya,0.2879
si-ia-an-ku-uk-pa-ri,(d)in-šu-uš-n[a-ak,0.2848,ki-iš-tu4-um-ma,0.2792,tu4-[ur],0.2293,ni-im-ma,0.2171,zu-un-ki-ik,0.214
ha-at,su-un-ki-ip,0.3282,(d)in-šu-[uš]-na-ak,0.2974,[pi-el],0.2932,(d)be-la-la,0.2911,su-kar-tah,0.2823
hi-ih-li,ir,0.338,ip,0.2914,hu-ut2-tah-ha-li-ih,0.2876,hu-ban-nu-me-en-na-ki,0.2712,hu-ut2-tak-[ha-li-ik,0.2709
a-pu,en,0.3902,(d)ru-hu-ra-te-ir,0.3195,ul-li-na6,0.307,si-it-me,0.2861,li-na,0.2762
(d)be-la-la,ha-at,0.2911,(d)da-mu-si,0.2868,li-na,0.2755,hu-ut-ta-ak-ha-li-ik,0.2698,(d)in-šu-[uš]-na-ak,0.2437
ta-ah,šu-du-ur,0.2805,hi-en-ka,0.279,(d)in-šu-ši-na-ak,0.2786,ap-pa,0.2594,hu-ul-pa-ah,0.2525
(md)hu-um-ban-nu-me-en-na-ki,(d)ki-{ri-ri}-ša,0.2935,ma-šu-um,0.2844,u2-[me,0.283,(d)in-šu-uš-na-ak4,0.2721,su-kar-tah,0.2605
(d)u2-pur-ku-ba-ak,in-ti-ik-ka,0.3723,hu-ut-tah-ša,0.3121,hu-lu-uh,0.3082,sah]-ri,0.2986,(md)hu-um-ba-nu-me-na-ki],0.2957
me-el-ka-an-ra,hi-ih2,0.3151,si-ia-an-ku-uk-ra,0.304,na,0.2907,zu-un-ki-me,0.2746,ku-ši-ih,0.2735
nu-ur,si]-it-tim,0.2597,(d)[hu]-um-ban-nu-me-na-gi,0.2549,hu-si-ip-me,0.2538,ki-nu-ni,0.2388,ta-ak-me,0.2355
a-ak],ku-uk-ši-ih,0.3319,(d)hu-ban-nu-me-na-ki,0.2546,tu4-ur-hi-ih,0.2491,zi-it-im-ma,0.2353,ha-ni-ih-ši,0.231
[…]-ti-ia,zu-u[n-ki-ip],0.2802,tu4-ni-ih,0.2611,su-un-ki-ik,0.2548,me-it-ki-ni,0.252,hu-ut-ta-an-ra,0.2493
(d)na-bu-u2,hu-ut-tah,0.2768,lu-mu-un-ra,0.2623,la-ni-e,0.2619,[…],0.2332,tu4-ru-uš-ni-e,0.2271
na,10,0.3768,li-mi-in-ra,0.3156,ha-al-ma-šu-um,0.2931,me-el-ka-an-ra,0.2907,zi-it-im-ma,0.2896
ni,in,0.3684,a-ak,0.3673,ku-ši-ih,0.3662,u2-me,0.3443,šu-šu-un-ka,0.3408
(d)na-ap-ra-te-ip-me,si-ia]-an-ku-uk-pa,0.3355,la-an-si-ti-ih,0.3046,dingir-gal,0.2763,li-ki-ir,0.276,{ku-ši-ih},0.2708
si-a-ku-uk,šu-šu-un-[ka]-[…],0.3271,hu-uh-tah,0.3177,sa-ah-ri,0.302,a-gi,0.3013,ki-du-um-ma,0.2786
la-am-li-e-ma,u2-pa-at,0.3343,[…],0.3053,a-gi,0.3016,u2,0.2904,ar,0.2872
hu-uh-tah-ša,ku-la-a,0.3229,si-ia-an,0.3215,hi-en-ga,0.3063,si-ia-an-ku-uk,0.2939,u2-me,0.2904
[a-ak,[me]-lu-u[k-ra],0.3801,tu4-uš,0.3348,ša-ra-ra,0.3214,mu-ši-it-ta,0.2956,a]-ak,0.279
[u2,nu-ul-ki-ip-pi,0.339,tu4-um-pa-an-ra,0.2897,ša-at-me,0.2888,up-qu-mi-ma,0.2882,hi-ih-ni],0.2855
(d)ši-ia-šu-um,la-an-si-ti-ir-ra,0.32,e,0.3078,a-ha-ar,0.287,u2-pa-at,0.281,si-a-an-ku-uk-ra,0.2701
(d)ma-an-za-at,li-ik-ri-in,0.2942,u2,0.2935,[…],0.2763,(d)pi-ni-gir3,0.2754,ul-li-na,0.2705
tu4-[ur],ha-di-en,0.2991,ar,0.2709,hi-še,0.2695,hu-us-si-ip-me,0.2635,lu-ub-bu-ru-uh-ni,0.2546
(d)nin-e2-gal,u2-me,0.3498,hu-us-si-ip-me,0.3216,hi-ih,0.3215,in,0.3142,ir,0.2978
pi-ip-ši-ia,[hu]-uh-tah,0.2595,ku-ku-un-[nu-um,0.2303,šu-du-ur,0.23,[hu-us-si]-ip-me,0.2208,[hi-ih,0.2155
be-el-ti,a-lu-me-lu,0.2475,[a-gi],0.2392,i-me-ni,0.2255,pi-it-te-ga,0.2185,si-it-me],0.2119
(d)in-na-na,in-[ti-ik-ka,0.3756,ku-ši-ih,0.3589,la-ha-ak-ir-ra,0.3564,hu-ut-ta-ak,0.3065,en,0.2822
(d)na-bi-um,si-ia-an-ku-uk-pa,0.342,la-an-si-ti-ip-pa,0.3077,u2-ri-pu-pi,0.2728,hi-ih-li,0.2615,(d)hu-um-ban,0.2607
(m)hu-ban-nu-me-na-ki,ik-el,0.2643,ki-du-um-ma,0.2595,{ku}?-nu-um,0.255,ku-[ši-ih,0.2538,si-[ia-an-ku]-uk-[ra,0.243
(d)hu-um-ban,i-la-a-ni-me,0.2723,hu-ut-tah,0.2622,(d)na-bi-um,0.2607,la-ni-e,0.2572,uk-ku-pi,0.2568
(d)ru-hu-ra-tir,(d)na-bu-me,0.2987,si-ia-an-ku-uk,0.2799,hi-i-še-e,0.2578,te-ip-[ti],0.2508,x-x,0.2501
(d)hi-iš-mi-di-ik,si-a-an-ku-uk-ra,0.2921,hi-iš-e,0.279,mu-ur-ti,0.2668,šu-du-ur,0.252,a-bu-ul,0.2501
lu-pi-en,(md)hu-ban-nu-um-me-en-na-ki,0.2895,ka-ak-pa-ah,0.2803,hu-ut2-tak-ha]-li-[ik,0.2754,hi-[en-g]a,0.2658,ni,0.2551
dingir-gal-me,u2-[me,0.2769,[hu-us-si]-ip-me,0.2768,(d)hu-um-ban-me,0.2665,an-za-an],0.263,si-ia-an-ku-{uk}-[pa],0.256
zu-un-ki-ip,zu-lu-ka-ak,0.2943,up-kum-mi-ia,0.276,u2-ri-pu-pi,0.2595,(d)ša-la-me,0.2528,me-lu-uk-ra,0.2487
u2-pa-ti-pi,[ip-il-la-ti],0.3301,in-ti-ik-[ka],0.3238,dur-na-ah-u2-te-{na}?,0.3205,ur,0.2818,[ku-ku]-un-nu-um,0.2735
ku-ši-ha,si-ia]-an-ku-uk-pa,0.3401,(d){na-bu}-u2,0.3065,ku-ši-ih-ma,0.2909,dingir-gal,0.2886,ap-pu-ki-me,0.2824
ni-im-ma,su-un-ki-me,0.3783,hu-šu-ia,0.3325,(d)in-šu-ši-na-ak,0.3002,(m)hu-ban-um-me-na-ki,0.3001,i,0.2777
tu4-um-pa,a-gi,0.3132,te-la-ak-li,0.3055,mu-ši-a,0.2816,šu-ul-lu-me-en-ga,0.2802,(d)in-šu-uš-n[a-ak],0.2766
ka-ak-pa-ah,(d)ki-{ri-ri}-ša,0.4093,[…],0.3052,lu-pi-en,0.2803,du-ni-ih,0.2771,ha-li-ih,0.271
a-al,a-ha-an,0.3221,ku-ku-un-nu-um],0.2885,zu-lu-ka-ak,0.2755,in-tu4-um,0.2537,(d)in-šu-[uš]-na-ak,0.2431
ha-al-ma-šu-um,na,0.2931,hu-ut-ta-ak-[ha-li-ik],0.2498,10,0.2407,si-it-tan-me,0.2393,pa-ar,0.2343
[…]-ak,t]e-la-[ak]-li,0.3942,ki?-iz?-zu-um,0.264,ku-du-ni,0.2398,hu]-us-si-ip-me,0.2376,ia,0.2262
gi-ri-ni,su-us-ka-tah,0.2873,me-lu-uk-ma,0.2694,la-an-si-di-ia,0.2684,si-a-an-ku-uk-ra,0.2664,du-uh?,0.2626
te-[la-ak-ni],du-uh,0.2652,ku-du-ma,0.2639,(md)hu-um-ban-nu-me-na-gi,0.2632,(md)hu-ban-nu-um-me-en-na-ki,0.2548,(d)nin-a-li-me,0.2435
(d)hu-ban-nu-me-na-ki,ru-tu4,0.2774,si-ia-an-ku-uk-pa-me,0.2691,(d)hi-iš-mi-ti-ik,0.269,a-ak],0.2546,[la-ha-ak-ir-ra,0.2542
zig-ra-tu4-me,pi-du-um-ma,0.3094,ir,0.2927,hi-ih-li,0.2566,u2-pa-at,0.2566,tu4-ni-ih,0.2559
ta-an-ra,si-it-tan-me,0.2946,la-an-si-ti-pa,0.2854,hu-uh-[tah-ša],0.2838,in-di-ig-ga4,0.2511,(d)u2-pur-ku-ba-ak-me,0.2328
(m)un-taš-dingir-gal-me,hu-ut-tak-ha-li-ik,0.302,la-an-si-ti-ir-ra,0.2874,ki-ik-ki-ti-ih,0.2848,a-gi,0.2644,(d)in-šu-uš-[na-ak,0.2587
pi-ti-ir,(md)hu-um-ba-nu-me-na-ki],0.25,(md)hu-[um-ban-nu-me-na-gi],0.2497,šu-ul-lu-me-en-ga,0.2494,hu-ut-ta-ak,0.2448,š[u-šu-un-ka,0.2414
su-un-ki-ir,ša-qu-tu4,0.2968,pi-li-in,0.2719,an-ka,0.2535,x-pa-lu,0.2504,hu-pi-e,0.2424
a-ha-a,(d)in-šu-ši-na-ak,0.4016,(md)hu-ban-um-me-en-na-ki,0.3424,ša-[ak,0.3125,pi-el,0.2747,hu-lu-uh,0.2529
te-pu-uh,si-ia-an-ku-uk-pa],0.2659,ir,0.2625,[ur(?),0.2522,ku-du-ma,0.2507,(d)ši-mut,0.2468
kuš3,me-lu-uk-ma,0.314,mu-ur-ta-an,0.3118,na-a,0.2762,[me]-lu-u[k-ra],0.2692,(d)pi-el-ti-ya,0.2427
tuš,hi-ih,0.2623,[in-gi,0.2543,[šu-šu-un-ka,0.2522,[šu]-lu-me-en-[ga],0.2212,a[n-za]-an,0.2185
hi-še,u2,0.2943,(md)hu-ban-nu-me-na-ki,0.282,mu,0.2809,in-[ti-ik-ka,0.2792,(d)PA.TUG2,0.2745
ku-ši-ih-ši-ma,[hi-ih,0.4022,[te-ip]-ti,0.3025,an-za-an],0.2758,[a-gi],0.2735,su-us-ka-tah,0.2466
šu-šu-un,gi-ri-na,0.3088,in-ti-ik-[ka],0.2867,(d)hu-um-ban,0.2376,up-qu-mi-ma,0.2185,te-im-ma,0.2156
(m)hu-ban-um-me-na-ki,pa-ka-an-ra,0.3327,ni-im-ma,0.3001,ri,0.2724,su-un-ki-ik,0.2363,mu-ur-ta-ah,0.2327
(md)hu-ban-um-me-en-na-ki,a-ha-a,0.3424,u2,0.3337,ku-ši-ih,0.3145,mu-ur-tah,0.3064,(d)na-zi-it-me,0.3021
(d)pi-ni-gir3-me,la-am]-li-[e-ma,0.2589,ar,0.2381,hu-ma-ka-ak,0.2364,ka-tah2,0.2265,du-uh?,0.2252
(d)hu-um-ban-nu-me-na-gi,[hu]-šu-ia,0.3752,(d)ki-ri-ri-ša,0.3686,u2-me,0.3141,in-gi,0.2627,si-ia-ni-me,0.2575
te-im-ma,az-ki-it,0.304,i-la-a-ni-me,0.2914,a-bu-ul-lu,0.2715,mu-ur-ti,0.2512,(d)hu-um-ban,0.2508
hu-ut-tah-ša,zu-un-ki-ik,0.4018,ul-hi,0.3307,(d)u2-pur-ku-ba-ak,0.3121,[…]-a,0.3074,hi-en-ka,0.3031
ka?-ap-na-ak,(d)im,0.311,te-ip-ti,0.2833,ša-ri-ih,0.2773,a-ak,0.2705,li-ni-en,0.2515
za-ah-ri,hu-[ut-tah],0.2745,du-ha-an-ra,0.2453,hu-ut2-tak-ha]-li-[ik,0.2444,pi-ti-ir,0.23,(d)ša-la,0.2283
ha-li-ik,hi-e]n-ka,0.2528,ši-in-ni,0.252,hi-[…],0.2505,zi-it-im-ma,0.2505,pi-el,0.2485
hu-ut-ta-ak,(d)in-na-na,0.3065,an-ka,0.2601,si-ia-an-[ku-uk-ra,0.2565,si-a-an-ku-uk,0.2482,en,0.247
tu4-ur-hi-ih,si-ia-an-ku-uk-pa,0.2494,a-ak],0.2491,en,0.2328,u2-me,0.2293,mi-el-ki,0.2221
ša-at-ki-me,ku-tu4-un,0.3323,(f)na-pir2-a-su,0.3029,du-ni-ih-ši-ni-e,0.2791,pa-at-tah,0.2772,hu-ut-ta-an-ra,0.2706
a-pi-me,hu-ut-ta-an-ra,0.3706,gi-nu-ni,0.3299,li-na,0.3282,hu-ut2-tak-ha-li]-ik,0.2989,u2-me,0.2769
(m)un-taš-dingir-gal-ki,[(d)in]-šu-uš-na-ak,0.2911,tu4-ul-li-in,0.267,[…u2]-pa-at,0.2632,ša-am?-me-eh-ši,0.2453,ki-ib-ra-at3,0.2392
ru-tu4,(d)hu-ban-nu-me-na-ki,0.2774,hu-ut-ta-an-ra,0.2714,ha-<at>,0.2627,(d)hi-iš-mi-ti-ik,0.2536,zig-ra-tu4,0.2535
[(d)in]-šu-uš-na-ak,u2,0.3225,(m)un-taš-dingir-gal-ki,0.2911,hu-uh-ni-me,0.2681,ak-ka,0.2607,ša-[ak,0.2465
ku-u[k-ši-ih],šu-šu-un-ka,0.3871,hu-ut-tak-ha-li-ik,0.3677,a-ak,0.3534,si-ia-an-ku-uk-ra,0.3227,tu4-ur,0.3028
hu]-us-si-ip-me,ia-ak,0.3062,li-na],0.2968,(d)ki-la-ah-šu-pi-ir,0.2686,ip-il-la-ti,0.2633,(md)hu-um-ban-nu-me-na-gi,0.2434
[…u2-pa-at,ha-ap-ti-iš,0.3297,(d)30,0.3131,(d)hu-ban-nu-me-na-gi,0.3092,[tu-ur],0.2831,[si-i-an]-ku-uk,0.2751
up-ku-mi-[ia],(d)ha-te-ri-iš-nu,0.3102,(md)hu-um-ban-nu-me-na-gi,0.293,(m)un-taš-dingir-gal,0.2729,la-an-[si-ti-me,0.2715,x-pa-lu,0.2569
[ku-ku]-un-nu-um,si-a-an,0.3272,in-di-ig-ga,0.3185,ta-li-in,0.3122,[…]-ar-na,0.3041,u2-pa-ti-pi,0.2735
in-[ti-ik-ka,(d)in-na-na,0.3756,hu-tu4-un-ra,0.3471,hu]-uh-tah,0.3317,(md)hu-ban-nu-me-na-ki,0.2879,hi-še,0.2792
[in]-gi,ta-li-in,0.2572,ki-iš-tu4-um-ma,0.2531,a]-ak,0.2503,(d)u2-pur-ku-pa-ak,0.2482,(d)ki-{ri-ri}-ša,0.2434
[tu-ur],[…u2-pa-at,0.2831,a-ha,0.2488,an-[za-an],0.2256,[šu]-lu-me-en-[ga],0.2192,pi-it-te-ka,0.2189
šu-šu-un-[ka]-[…],[…]-nu-me-na-gi,0.3393,si-ia]-an-ku-uk-pa,0.3273,si-a-ku-uk,0.3271,10,0.2699,(d)in-šu-uš-na-ak4,0.2455
[an-za-a]n,[az-ki-it,0.2563,du-ni-iš-ni,0.256,an-za-an,0.2551,ha-al-li,0.255,(d)na-ap-ra-te-ip,0.2537
[…]-ti-e?,ku-[ku]-un-nu-um,0.3721,si-ia-a-an-ku-uk-me,0.2901,[hu]-ut2-tah,0.2506,{ku-ši-ih},0.239,(d)ki-la-ah-šu-pi-ir],0.2249
-me,tu4-ru-un-ka,0.2967,[li-mi-in-ra,0.2967,(d)kir-ma-sir-me,0.2887,DINGIR-GAL,0.2729,ha-al-te-te,0.2708
zig-ra-tu4,pi-ip-li-ih,0.2959,[…]-a,0.2853,(d)in-šu-uš-n[a-ak,0.2676,ru-tu4,0.2535,(d)hu-ban-nu-me-na-ki,0.244
[…u2]-pa-at,hi-e]n-ka,0.3438,zi-it-im-ma,0.3017,(m)un-taš-dingir-gal-ki,0.2632,(d)in-šu-ši-na-ak-me,0.2579,in(?)],0.2493
hi-iš-e,(d)hi-iš-mi-di-ik,0.279,ku-ši-ih-ša,0.2717,gi-ri-ni,0.2496,hu,0.2472,[in,0.2374
hi?-iš,hi?-[…],0.2767,ik-el,0.2485,(d)be-la-la,0.2412,(d)hi-iš-mi-ti-ik,0.2367,ki-it-ti-im-ma,0.2273
[a-h]a-an,il-ki-ka,0.2855,si-ia-an-ku-uk-pa,0.2743,me-en-pu,0.2681,[…]-ar-na,0.2656,in-ti-ig-ga,0.2573
hi-[…],ik-ku,0.3255,a-ha-ar,0.3208,ul-li-na,0.2759,(d)30,0.2738,in-ti-ig-ga8,0.266
[š]u?-ut?-ta?,zu-uk-ma,0.2742,an-ka,0.2696,si-ti-i,0.2534,hu-ut-tah,0.2425,li-ik-ri,0.239
[šu-šu]-un-ka,da-ah,0.3121,in-gi,0.2722,lu-lu-uh-šu,0.2528,ma-šu-um,0.2495,(d)hu-ban-nu-me-na-ki,0.2494
ša-tu4-uh-ni,ku-te-en,0.3684,zu-lu-ka-ak,0.3244,u3,0.2921,in-ti-ig-ga8,0.2608,in-di-ig-ga2,0.2437
ki-ib-ra-at,(d)iš-ni-ka-ra-ab,0.2875,hu-si-ip-me,0.2531,[…]-uš-ni-e,0.2508,si]-it-tim,0.246,(d)[…],0.2302
in-ti-ig-ga8,du-[…]h-pi,0.3513,ha-<at>,0.2704,hi-[…],0.266,ša-tu4-uh-ni,0.2608,su-un-ki]-ik,0.2542
ki-it-ti-ma,in-ti-ik-[ka],0.2614,ap-pu-ki-me,0.2436,ku-ku-un-nu-um,0.2325,u2-ri-pu-be,0.2288,hi-ih2,0.2282
(d)in-šu-uš-na-ak4,(m)un-taš-dingir-gal,0.3117,ha-<at>,0.3044,(d)hi-iš-mi-ti-ik,0.3013,(md)hu-um-ban-um-me-en-na-ki,0.2733,(md)hu-um-ban-nu-me-en-na-ki,0.2721
ki-ib-ra-at3,[me]-lu-u[k-ra],0.3483,su-un-ki]-ik,0.2915,li-e,0.2844,i,0.2817,su-un-ki-i[k],0.2772
(md)hu-ban-nu-me-na-ki,a-ha-ar,0.3217,(d)da-mu-si,0.3165,an-za-an,0.2887,in-[ti-ik-ka,0.2879,hi-še,0.282
(d)ru-hu-ra-te-ir-me,(d)zu-un-ki-ir-ri-ša-ar-ra-me,0.3025,hi-i-še-e,0.2885,li-e,0.2825,šu-ut-ku-me,0.278,mu-ur-ta-an,0.2535
(d)hi-iš-mi-ti-ik2,la-an-[si-ti-me,0.3171,pa-at-tah,0.2992,(d)ša-la,0.2727,(d)in-šu-uš-n[a-ak],0.2652,il-ki-ka,0.264
la-an-si-ti-pa,(md)hu-um-ban-um-me-en-na-ki,0.2981,ta-an-ra,0.2854,me-it-ki-ni,0.238,ki-ib-ra-at3,0.2267,[…u2-pa-at,0.2076
(d)nin-a-li-me,si-[ia-an-ku]-uk-[ra,0.2774,[…]-ih-ma,0.2673,hi-ih-ni],0.2473,u2-pa-ti-pi,0.2454,te-[la-ak-ni],0.2435
(d)ša-la-me,(d)hi-iš-mi-ti-ik,0.2899,zi-it-im-ma,0.2718,ku-u[k-ši-ih],0.2633,ku-ši-ih-ma,0.2591,zu-un-ki-ip,0.2528
a-aš2-ta2,hu-ut2-tah-ha-li-ih,0.2668,ta-aš2-ni,0.2626,(d)in-šu-[uš]-na-ak,0.2573,(d)in]-šu-uš-n[a-ak,0.2527,u2-ri-pu-be,0.2501
si-ia-an-ku-uk-pa],mu-uh-du-uh-me,0.3109,ša-ak,0.277,(d)aiba-sunkir,0.2696,te-pu-uh,0.2659,(d)ki-ri-ri-ša,0.2568
(d)in-šu-[uš-na-ak,(d)kir-ma-sir-me,0.2938,hu]-uh-tah,0.2886,hu-uh-tah,0.2375,[la-ha-ak-ir-ra],0.2326,(f)na-pir2-a-su,0.2289
a]-ak,ku-ši-ih,0.3841,[a-ak,0.279,an-za-an,0.2783,ia,0.2672,hu-ut2-tak-[ha-li-ik,0.2631
ku-ku-un-nu-um…,in-gi,0.3391,lu-lu-uh-šu,0.2921,pi-el,0.291,in-ti-[ig]-ga,0.2535,ki-it-ti-in,0.2497
si-ia-an-[ku-uk-pa,hu-ut-tah,0.3251,hi-iš,0.2732,ku-du-ni,0.2458,hu-hu-un,0.2457,zu-uk-ka-an,0.2337
(d)in-šu-uš]-na-ak,(d)pi-ni-gìr,0.3486,ki-it-ti-im-ma,0.3381,(d)in-šu-uš-n[a-ak],0.31,si-it-me,0.2924,ta-[ak]-me,0.2861
la-an-[si-ti-me,hu-ut-ta-an-ra,0.3407,(d)hi-iš-mi-ti-ik2,0.3171,dingir-gal,0.2833,(husa)tukul-har-sag,0.2817,[si]-ia-an-ku-uk,0.281
ku-ku-un-nu-um],šu-up,0.3253,a-al,0.2885,[in-ti]-ik-ka,0.2755,ku-ul-la-an-ka,0.2718,(md)hu-um-ba-nu-me-na-ki],0.2385
šu-[šu-un-ka,tu4-ur],0.2649,ša-[ak,0.2578,e,0.2559,pi-ip-ši-it-te,0.2438,(d)ši-ia-šu-um,0.232
(md)hu-um-ba-nu-me-na-ki],(d)u2-pur-ku-ba-ak,0.2957,a[n-za]-an,0.2641,pi-ti-ir,0.25,ku-ku-un-nu-um],0.2385,du-ni-ih-ši-ni-e,0.2319
ša-[ak,a-ha-a,0.3125,si-ia-an-i-me,0.3014,su-un-ki-ik,0.2639,la-an-gi-el-li,0.2631,en,0.2621
[…]-uš-ni-e,az-ki-[it],0.3184,e[l?-x-x]-at-tu4,0.2802,me-lu-uk-ra,0.2798,i-la-a-ni-me,0.2648,ki-ib-ra-at,0.2508
ra,la-an-gi-el-li,0.3115,an-za-an,0.2776,a-gi,0.2774,mu-ši-a,0.2705,sa-ah-ri,0.2537
si-ia-an-ku]-uk-pa,mu-ur-tah,0.3339,la-ha-ak-ir-ra,0.2866,ki-nu-ni,0.2809,ta-ak-ni,0.2698,(d)30,0.2661
(d)in]-šu-uš-n[a-ak,si-it-me,0.2902,u2-ri-pu-be,0.2603,ku-ši-ih-ša,0.2583,a-aš2-ta2,0.2527,du-ni-ih,0.2524
ku]-ku-un-[nu-um,ka-ak-pa-ah,0.2481,šu-ul-lu-me-ga,0.2464,hu-ut2-tak,0.2413,(d)hi-iš-mi-di-ik,0.2366,x-x,0.2351
[in,la-am]-li-[e-ma,0.2895,du-un-ra,0.2663,hi-iš-e,0.2374,la-[ha]-ak-[ir]-ra,0.235,li-ik-ri,0.234
si-ia]-an-ku-uk-pa,ku-ši-ha,0.3401,(d)na-ap-ra-te-ip-me,0.3355,šu-šu-un-[ka]-[…],0.3273,ku-du-ni,0.2656,ta-ri-ir,0.2655
(d)in-šu-uš-[na-ak,[h]a-li-ik,0.2774,(m)un-taš-dingir-gal-me,0.2587,pa-at-tah,0.2418,ku-ši-ha,0.2319,(d)ru-hu-ra-te-ir,0.2317
[dingir-gal,u2-me,0.2814,a-lu-mi-im-ma,0.2784,li?-ki?-ri?-en?,0.2711,(d)ki-la-ah-šu-pi-ir,0.2651,pu-uk-ši,0.2543
la-an-si-ti-me,mu-ur-tah,0.3212,in-di-ig-ga,0.3068,si-ia-an,0.3042,la-am]-li-[e-ma,0.2956,a-ha,0.2904
ku-ku-un-[nu-um,(d)u2-pur-ku-ba-ak-me,0.3006,me-lu-uk-ra,0.258,(d)hi-iš-mi-di-ik,0.2427,[h]a-li-ik,0.2318,pi-ip-ši-ia,0.2303
su-un-ki]-ik,ki-ib-ra-at3,0.2915,ha-<at>,0.2914,u2-[me,0.2654,in-ti-ig-ga8,0.2542,na-pir2-ri-ša-ar-ra-pi,0.2393
(md)hu-um-ba-nu-me-na-[ki,hu-[ut]-tak-ha-li-ik,0.3462,me-lu-uk-ra],0.2848,zu-lu-ka-ak,0.2514,ta-aš2-ni,0.2346,zu-un-ki-ip,0.2316
(d)in-šu-uš-[na-ak],(d)na-ap-ra-te-ip-me,0.2483,[…]-ar-na,0.2469,te-la-ak,0.2424,ku]-ku-un-[nu-um,0.2314,li-na],0.2287
[tu4-ur],(d)in-šu-ši-na-ak,0.3137,ip-il-la-ti,0.3009,(md)hu-ban-um-me-en-na-ki,0.2752,mi-el-ki,0.2415,ku-tu4-un,0.237
šu-<ut>-ki-me,(d)nun.sunki-me,0.3308,in-gi,0.2647,[…]-pi,0.2618,pa-ar,0.2584,ka-ak-pa-ah,0.2467
[me]-lu-u[k-ra],[a-ak,0.3801,ki-ib-ra-at3,0.3483,si-ir-ha-al-te,0.2831,kuš3,0.2692,i,0.2692
la-an-si-ti-ra,in-ti-ig-ga,0.3345,up-qu-mi-ma,0.2474,hu-ma-an-ra,0.2473,hu-ut-ta-an-ra,0.2433,(d)hu-ban-um-me-en-na-ki,0.2393
(d)na-bu-me,(d)ru-hu-ra-tir,0.2987,(md)hu-[um-ban-nu-me-na-gi],0.2944,zig-ra-tu4-me,0.2498,su-ku-un-ra,0.2294,š[u-šu-un-ka,0.2283
si-ma-aš2,hu-ut2-tak-[ha-li-ik,0.2491,uk-ku-ri,0.2447,ip,0.2269,[šu-šu-un-ka,0.2213,(m)un-taš-dingir-gal-me,0.2174
ul-lu-ru-uk,un,0.2773,(d){na-bu}-u2,0.2709,hu-un-hi-ih-na,0.2669,[šu-šu-un-ka,0.2628,(d)hu-ba-nu-me-en-na-ki,0.2507
ku-te-en,ša-tu4-uh-ni,0.3684,ku-ul-la-an-ka,0.2732,su-un-ki-ip,0.2668,in-di-ig-ga2,0.2602,[hu-us-si]-ip-me,0.2573
a-i-in,(d)na-ah-hu-un-te,0.3024,hu-ma-ka-ak,0.2655,hi-še,0.261,i,0.2586,pi-el],0.245
i-la-a-ni-me,dingir-gal,0.3071,te-im-ma,0.2914,pi-ip-li-ih,0.2869,da-ah,0.2843,(d)hu-um-ban,0.2723
mi-el-ki,(d)na-ah-hu-un-te-ir,0.3037,te-la-ak-ni,0.279,ha-<at>,0.2741,e[l?-x-x]-at-tu4,0.2619,[tu4-ur],0.2415
up-qu-mi-ma,(d)pi-el-ti-ya,0.3694,la-[ha]-ak-[ir]-ra,0.3148,ha-ni-ih-ši,0.3137,ku-[ši-ih,0.3082,li-na,0.2941
ki-ik-ki-te-eh,[h]a-li-ik,0.3399,[šu-šu-un-ka,0.2874,ta-ri-ir,0.2767,10,0.2625,[si-i-an]-ku-uk,0.2473
up-kum-mi-ia,ki-it-ti-in,0.3297,zu-un-ki-ip,0.276,šu-ut-ku-me,0.2401,[in-gi,0.2261,u2-ri-pu-pi,0.2119
missing,[ip-il-la-ti],0.2856,in-di-ig-ga2,0.2835,la-an-si-ti-ip-pa,0.2818,la-an-si-ti-ir-ra,0.28,(d)iš-ni-ka-ra-ab2,0.2634
šu-uh-tir,(d)u2-pur-ku-ba-ak,0.2864,h[u-ut-tak-h]a-li-ik,0.254,in-tu4-um,0.244,hu-un-hi-ih-na,0.2338,du-ni-iš,0.2327
1,su-us-ka-ta]h,0.258,li-en-ra,0.2265,zu-uk-ka-an,0.2146,hi-iš-e,0.2095,ki-ib-ra-at,0.2061
ta-li-in,a-gi,0.4092,u2-me,0.3421,u2-pa-at,0.3383,u2,0.3271,mi-ši-ma-na,0.3248
šu-ul-lu-me-ka,in-tu4-um,0.3132,hu-ut2-tak-ha]-li-[ik,0.3054,[u2-r]i-pu-up,0.2725,hu-tu4-un-ra,0.2597,[si-it-tim,0.2442
(d)hu-ban-nu-me-en-na-ki,me-lu-uk-ra],0.3356,(md)hu-ban-nu-me-na-gi,0.3027,(d)aiba-sunkir,0.2977,si-ia-an-ku-uk-ra,0.2914,(d)pi-ni-gìr,0.2866
(d)iš-ni-ka-ra-ab2,],0.4232,la-an-si-ti-e,0.2672,missing,0.2634,si-ia-an-ku-uk-pa-me,0.2603,si-ia-an-ku-uk-pa],0.2404
hu-šu-a,[su]-un-ki-ik,0.3316,du-[…]h-pi,0.2712,mu-uh-du-uh-me,0.2497,u2-ri-[pu]-up,0.236,ta?-du?-ra-na,0.229
šu-lu-me-ka,[…]-pi,0.3549,lu-be-en,0.293,[ri?-im?]-mu-u[m,0.2703,e,0.2674,šu-šu-[un-ka],0.2672
(d)hu-ba-nu-me-en-na-ki,hi-ih2,0.3077,li-in-ra,0.2826,mu-ši-it-ta,0.2736,ul-lu-ru-uk,0.2507,hu-ut-tah,0.2376
šu-un-šu-ir-pi,gi-nu-ni,0.2653,ta-[ak]-me,0.2378,ta-ah,0.2341,li-ik-ri,0.2291,[…]-ih-ma,0.2229
ma-šu-um,ku-tu4-un,0.3682,du-ha-an-ra,0.3036,(md)hu-um-ban-nu-me-en-na-ki,0.2844,ir,0.2802,dur-na-ah-u2-te-{na}?,0.2511
(d)hu-ban-nu-me-na-gi,te-la-ak-[ni],0.3817,[…u2-pa-at,0.3092,ku-ku-un-nu-um…,0.244,[ta]š?-šu?-up,0.2379,a-i-in,0.2324
(m)ki-,ki?-iz?-zu-um,0.2768,si-a-an-ku-uk,0.2533,li-na-pu-un,0.2416,ia-ak,0.2362,zu-uz-ka-tah,0.2248
x-pa-lu,na-pir2-ri-ša-ar-ra-pi,0.2969,(d)ha-te-ri-iš-nu,0.2571,up-ku-mi-[ia],0.2569,(d)hu-ban-nu-me-na-ki,0.2518,su-un-ki-ir,0.2504
ki,hu-ut-ta-ak-ha-li-ik,0.2616,li-e,0.2455,u2,0.2357,(d)ru-hu-ra-te-ir-me,0.2298,[in]-gi,0.2264
ri,(d)im,0.3145,i-me-ni,0.2868,(m)hu-ban-um-me-na-ki,0.2724,e[l?-x-x]-at-tu4,0.2703,u2-ri-pu-pi,0.2697
a,(d)kir-ma-sir-me,0.3455,[…]-ar-na,0.3249,li-mi-in,0.2875,ha-al-te-te,0.2283,hu-[ut-tah],0.2166
mu,la-an-gi-el-li,0.3481,in-ti-ik-[ka],0.3345,hi-še,0.2809,tu4-ul-li-in,0.274,(d)aiba-sunkir,0.2544
a-pi,ta-ak-me,0.321,a-lu-mi-im-ma,0.3102,ha-du,0.2958,a-ha-ar,0.2916,hu-ut2-tak?-ha?-[…],0.2669
ša,te-ip-ta,0.2456,pi-[el,0.2385,mi-ša-ri,0.2381,hu-ut-ta-ak-[ha-li-ik],0.2328,in-ti-ik-ka,0.2269
ar,a-gi,0.3634,hi-en-ka,0.346,u2-pa-at,0.3366,su-un-ki-ik,0.3296,in-gi,0.3101
ka,ru-ri-na,0.2781,sah]-ri,0.272,la-am-li-e-ma,0.2533,ip-il-la-ti,0.2335,(d)hu-ban-um-me-en-na-ki,0.2308
(d)pa-tug2,mu-ur-ta-an,0.3747,ku-ši-ha,0.2764,ta-ri-ir,0.2531,ni-im-ma,0.2458,ki-ik-ki-te-eh,0.2457
hu-lu-uh,(d)u2-pur-ku-ba-ak,0.3082,tu4-um-pa,0.2751,in-ti-ik-ka,0.2634,(md)hu-ban-um-me-en-na-ki,0.259,(d)im,0.2554
la-an-si-ti-ih,(d)na-ap-ra-te-ip-me,0.3046,(d)pi-ni-gir3-me-im-ma,0.2697,a[n-za]-an,0.2577,hu-ut2-tak-ha-li]-ik,0.249,mu,0.2462
(husa)tukul-har-sag,a-pu-un,0.3183,ha-ap-ti-iš,0.3067,ku-ši-ih-ša,0.3039,li-na-pu-un,0.2883,la-an-[si-ti-me,0.2817
tu4-ru-uš-ni-e,(d)ša-la,0.294,su-ku-ša-ak,0.2828,in-di-ig-ga2,0.2621,[ku-ku]-un-nu-um,0.2552,(d)im,0.2386
in(?)],zu-[un-ki-me,0.3541,{uk-ku}-me,0.3537,(d)na-zi-it,0.276,un-taš-dingir-gal,0.2516,[…u2]-pa-at,0.2493
[ur(?),a[n-za]-an,0.3571,a-lu-mi-im-ma,0.3021,hu-us-si-ip-me,0.272,te-pu-uh,0.2522,(d)ki-ri-ri-ša-me,0.2519
li-en-ra,ar,0.2629,[…]-a,0.2313,t]e-la-[ak]-li,0.2301,[tu4-ur],0.2278,(d)ši-mut,0.2277
li-e,ša-ri-ih,0.3346,hu-ul-pa-ah,0.2996,te-ip-ta,0.2941,in-di-ik-ka,0.2868,ki-ib-ra-at3,0.2844
lu-be-en,dingir-gal,0.3211,si-ia-an-ra,0.3079,šu-lu-me-ka,0.293,zu-uk-ka-an,0.2644,in-gi,0.2518
id,lu-mu-un-ra,0.2922,zu-uk-ma,0.2855,in-ti-ik-[ka],0.282,in-di-ik-ka,0.2554,u2,0.2518
(d)iš-ni-ka-ra-ab,in-di-ik-ka,0.3045,u2-pa-at,0.3044,ki-ib-ra-at,0.2875,[pi-el],0.2396,ha-al-li,0.2381
mu-ši-it-ta,la-an-si-ti-ip-pa,0.3262,[a-ak,0.2956,(d)hu-ba-nu-me-en-na-ki,0.2736,u2-pa-at,0.2725,mu-ur-tah,0.2713
li-gi-e,la-an-[si-ti-me,0.2736,ak-ka,0.247,an-[za-an],0.2467,la-an-si-di-ia,0.2411,hi-el,0.2335
[hu]-uh-tah,pi-ip-ši-ia,0.2595,a[n-za]-an,0.2461,[a]-gi,0.2432,um-me,0.2392,(md)hu-um-ban-nu-me]-na-gi,0.2327
x-x,ha-at-ta-an-ra,0.2849,(d)ru-hu-ra-tir,0.2501,hi-i-še,0.2477,ha-ap-ti-iš,0.2415,hi-iš,0.2391
pu-uh-x-x,na-a,0.3009,(d)in-šu-uš-n[a-ak],0.2611,(f)na-pír-a-su,0.2504,ku-ku-un-nu-um,0.2491,te-ip-ta,0.2474
[dingir-gal],li-in-ra,0.3549,la-an-si-ti-ir-ra,0.2774,te-pu-uh,0.2416,(d)na-ap-ra-te-ip,0.2395,[…]-pi,0.2386
[hu]-ut2-tak-ha-li-ik,me-lu-uk-ra,0.2843,si-a-an-ku-uk-ra,0.2795,a-ak,0.2618,dingir-gal,0.2611,in-ti-ig-ga,0.2599
[i],ku-ta-a,0.3144,hi-[en-g]a,0.2641,ša-at-me,0.2569,hu-ut-tak-ha-li-ku,0.2445,na-pir2-ri-ša-ar-ra-pi,0.222
[te-ip]-ti,ku-ši-ih-ši-ma,0.3025,u2-[me,0.2992,(d)hu-ban-um-me-na-ki,0.2813,me-it-ki-ni,0.2737,li-na,0.2388
hu-ut2-tah-ha-li-ih,a-ak,0.3577,[az-ki-it,0.352,[…],0.3411,ir,0.3022,ha-al-te-te,0.2995
in-ti-ik-[ka],mu,0.3345,u2-pa-ti-pi,0.3238,sa-ah-[ri],0.3081,šu-šu-un,0.2867,id,0.282
sa-ah-[ri],in-ti-ik-[ka],0.3081,(md)hu-um-ban-um-me-na-gi,0.2801,pi-[el,0.2659,su-kar-tah,0.2643,hu-ut2-tah-ha-li-ih,0.2583
šu-lu-me-en-[ka],u2,0.2902,ku-uk-ši-ih,0.2383,hi-el,0.2383,du-ni-ih-ši-ni-e,0.2368,in-di-ig-ga4,0.2323
[hi]-ih,uk-ku-pi,0.2729,(d)PA.TUG2,0.2719,hi-i-še-e,0.2691,{uk-ku}-me,0.2479,ku-du-um-ma,0.2416
ia,ha-ap-ti-iš,0.2952,a]-ak,0.2672,(d)nin-a-li,0.2659,hu-ut2-tak?-ha?-[…],0.2628,hu-us-si-ip-me,0.2531
su-us-ka-tah,la-[ha]-ak-[ir]-ra,0.2879,gi-ri-ni,0.2873,ku-ši-ih-ši-ma,0.2466,si-ia-an-i-me,0.2386,ha-al-li,0.2338
ri?-im?-um,pa-ap-pa-ra-na,0.3354,su-un-ki-ik,0.2632,ha-ah-ni-in-ra,0.2618,si-ia-an-ra,0.2517,ki,0.225
[ki?]-zu-um,si-ia-an-ku-[uk],0.2724,10,0.2464,(d)su-un-ki-ir-ri-ša-ar-ra,0.2455,u2,0.2286,a-ha-an,0.2201
(md)hu-um-ban-um-me-en-na-ki,la-an-si-ti-pa,0.2981,(d)in-šu-uš-na-ak4,0.2733,ku-ur-ru,0.2581,ki-ik-ki-[…],0.2389,(m)hu-ban-nu-me-na-ki,0.2371
t]e-la-[ak]-li,[…]-ak,0.3942,a-pi-te,0.2333,ka?-ap-na-ak,0.2312,li-en-ra,0.2301,šu-ul-lu-me-ka,0.2238
[la-ha-ak-ir-ra,si-ia-an-ku-uk-pa-me,0.2918,zu-[un-ki-me,0.2809,šu-ul-lu-me-en-ga,0.2598,(d)hu-ban-nu-me-na-ki,0.2542,ta-ri-ir,0.2443
[si-i-an]-ku-uk,[…u2-pa-at,0.2751,-me,0.2663,ki-ik-ki-te-eh,0.2473,[h]a-li-ik,0.2314,(d)ki-{ri-ri}-ša,0.2238
te-ip-ti],(m)un-taš-dingir-gal,0.3734,[u2],0.3118,su-un-ki-ip,0.2829,ku-u[k-ši-ih],0.249,ka?-ap-na-ak,0.2489
(d)in-šu-uš-n[a-ak,(d)u2-pur-ku-pa-ak,0.3,ha-li-ih,0.2896,si-ia-an-ku-uk-pa-ri,0.2848,si-ia-ni-me,0.2785,zig-ra-tu4,0.2676
dingir-gal],[t]e-ip-ti,0.3012,ku-[ku]-un-nu-um,0.2755,ta-ak-[me],0.2722,ha-du,0.2715,in-di-ig-ga2,0.245
hu-ut2-tak-ha]-li-[ik,šu-ul-lu-me-ka,0.3054,lu-pi-en,0.2754,(d)hu-ban-nu-me-en-na-ki,0.2682,za-ah-ri,0.2444,(d)in-šu-uš-na-ak-ri,0.244
du-ni-[ih,(d)da-mu-si,0.3653,[šu-šu-un-ka,0.3046,hu-si-ip-me,0.2705,(d)in-šu-uš-n[a-ak],0.2608,tu4-ur,0.2569
[la-ha-ak-ir-ra],(d)pi-ni-gir3-me-im-ma,0.2867,pi-ip-li-ih,0.2801,il-li-na,0.2369,ku-te-en,0.2348,(d)in-šu-[uš-na-ak,0.2326
[t]e-ip-ti,dingir-gal],0.3012,ši-in-ni,0.2995,la-[ha]-ak-[ir]-ra,0.2954,ku-[ku]-un-nu-um,0.2459,pi-ip-ši-it-te,0.2404
(d)in-šu-uš-n[a-ak],(d)ha-te-ri-iš-nu-me,0.3799,(d)in-šu-uš]-na-ak,0.31,ku-ur-ru,0.2857,tu4-um-pa,0.2766,pi-[el,0.274
[hu]-ut2-tah,te-la-ak-li,0.3633,ša-ra-ra,0.2826,il-ki-ka,0.26,[…]-ti-e?,0.2506,(d)ha-te-ri-iš-[…],0.2454
in-ti-[ig]-ga,te-la-ak-[ni],0.2543,ku-ku-un-nu-um…,0.2535,(d)na-zi-it-me,0.2268,li-en-ra,0.2113,hu-ut2-tak?-ha?-[…],0.2056
hi-[en-g]a,lu-pi-en,0.2658,[i],0.2641,[…]-nu-me-na-gi,0.2566,hu-ut-tak-ha-li-ku,0.2425,mi-ši-ma-na,0.2388
[hu]-šu-ia,(d)hu-um-ban-nu-me-na-gi,0.3752,(d)in-šu-ši-na-ak,0.3275,ak-ka,0.303,mu-ur-tah,0.2974,hi-ih,0.2911
sah]-ri,(d)ki-ri-ri-ša,0.3645,hu-ul-pa-ah,0.3163,u2-ri-pu-pi,0.3011,(d)u2-pur-ku-ba-ak,0.2986,e,0.2855
[az-ki-it,hu-ut2-tah-ha-li-ih,0.352,{uk-ku}-me,0.2892,si-a-an-ku-uk,0.2798,[an-za-a]n,0.2563,mu,0.2511
in]-ti-ig-[ga],hi-ih-ni],0.3285,ku-ku-un-nu-um,0.2926,(d)te-ip-ti,0.2729,du-ha-an-ra,0.2652,ša-ri-ih,0.2587
u2-[me,an-za-an],0.3393,[te-ip]-ti,0.2992,(md)hu-um-ban-nu-me-en-na-ki,0.283,dingir-gal-me,0.2769,su-un-ki]-ik,0.2654
si-it-me],si-a-an,0.38,da-ah,0.3028,(d)na-ah-hu-un-te,0.3027,a-lu-me-lu,0.3019,(d)ši-ia-šu-um,0.2633
[hi-ih,ku-ši-ih-ši-ma,0.4022,pa-ka-an-ra,0.2612,(d)su-un-ki-ir-ri-ša-ar-ra,0.2574,tu4-ul-li-in,0.2532,mu,0.2407
ta-[ak]-me,(d)pi-ni-gìr,0.3874,(d)in-šu-uš]-na-ak,0.2861,(d)hu-um-ban-me,0.2772,gi-ri-na,0.2578,te-ip-[ti],0.2485
la-[ha]-ak-[ir]-ra,up-qu-mi-ma,0.3148,[t]e-ip-ti,0.2954,su-us-ka-tah,0.2879,nu-ul-ki-ip-pi,0.2819,ha-ta-am-ti-ir,0.2613
si-ia-an-ku-[uk],tu4-um-pa-an-ra,0.2881,[ki?]-zu-um,0.2724,ia-ak,0.2466,ka-ak-pa-ah,0.2236,(m)ki-,0.2206
te-ip-[ti],mu-ur-tah,0.3505,hi-e]n-ka,0.3007,dingir-gal,0.2998,pi-el,0.2626,pi-tu4-um-ma,0.2529
(d)in-šu-[uš]-na-ak,hu-hu-un,0.3819,in-gi,0.3289,pi-el,0.3257,ha-at,0.2974,a-gi,0.2889
su-us-ka-ta]h,1,0.258,a-pu,0.2463,[si]-ia-an-ku-uk,0.2419,dingir-gal-me,0.2349,(m)un-taš-dingir-gal,0.2254
la-am]-li-[e-ma,la-an-si-ti-me,0.2956,[in,0.2895,li-na,0.2876,si-ia-an-ku-uk-ra,0.2768,hi-iš,0.2738
[ri?-im?]-mu-u[m,ša-qu-tu4,0.3616,an-za-an],0.3225,{li}-na,0.2794,šu-lu-me-ka,0.2703,u2-[me,0.2561
si-a-an-ku-uk],(d)in-šu-uš-na-ak,0.315,a[n-za]-an,0.3092,[…],0.3063,ša-at-me,0.2709,lu-mu-un-ra,0.2663
ha-li-[ih,(d)zu-un-ki-ir-ri-ša-ar-ra-me,0.3033,zu-un-ki-me,0.2414,az-ki-it,0.2358,a-ha-an,0.2249,li-e,0.2235
hu]-uh-tah,hu-tu4-un-ra,0.4102,in-[ti-ik-ka,0.3317,(d)in-šu-[uš-na-ak,0.2886,ku-u[k-ši-ih],0.2702,hi-ih-li,0.2589
hu-uh-[tah-ša],hu-ut-tak-ha-li-ku,0.3019,ta-an-ra,0.2838,ki-ni-in,0.2661,(d)na-bi-um,0.2436,pi-[el,0.2394
[u2-r]i-pu-up,[hu-us-si]-ip-me,0.3055,me-[lu]-uk-ra,0.2786,šu-ul-lu-me-ka,0.2725,(d)ha-te-ri-iš-nu-me,0.2477,me-el-ka-an-ra,0.2399
zu-u[n-ki-ip],az-ki-it,0.3021,[…]-ti-ia,0.2802,in-[ti-ik-ka,0.2763,in-di-ig-ga4,0.2762,ta-ak-[me],0.264
[…]-a,an-[za-an],0.3216,hu-ut-tah-ša,0.3074,ul-hi,0.3015,zig-ra-tu4,0.2853,hu-ut-tah,0.282
te-la-ak-li,[hu]-ut2-tah,0.3633,tu4-um-pa,0.3055,a-bu-ul-lu,0.2831,te-la-ak-ni,0.2553,an-za-an,0.2489
[si]-ia-an-ku-uk,(f)na-pir2-a-su,0.3061,si-ia-ni-me,0.2883,la-an-[si-ti-me,0.281,ši-in-ni,0.2716,a-ni,0.2623
[u2],te-ip-ti],0.3118,a]-ak,0.2541,la-ni-ia,0.2419,du-uh?,0.2385,ša-at-me,0.2371
hu-[ut-tah],ša-ar-ra-na,0.3096,(d)ki-ri-ri-ša-me,0.3092,zi-it-im-ma,0.3002,ša-ak,0.2961,ir,0.2905
[a-gi],li-ki-ir,0.3492,ku-du-um-ma,0.3371,(md)hu-[um-ban-nu-me-na-gi],0.2901,ku-ši-ih-ši-ma,0.2735,be-el-ti,0.2392
in-ti-ig-ga,la-an-si-ti-ra,0.3345,{ku-ši-ih},0.3115,li-ik-ri,0.3024,hu-ut-tak-ha-li-ik,0.2702,[hu]-ut2-tak-ha-li-ik,0.2599
sa-ah-ri,si-a-ku-uk,0.302,ar,0.2955,ša-at-me,0.29,ra,0.2537,li-li-ra,0.252
[šu]-lu-me-en-[ga],si-li-in,0.2572,(husa)tukul-har-sag,0.245,an-[za-an],0.2323,te-la-ak-ni,0.2308,a-ni,0.2288
ta-ak-[me],dingir-gal,0.3069,ta-ak-me,0.3009,ki-iš-tu4-um-ma,0.3003,(d)in-šu-uš-na-ak,0.297,(d)ki-ri-ri-ša,0.2934
zu-uz-ka-tah,hu-ut-tak-ha-li-ik,0.2666,si-ia-a-an-ku-uk-me,0.2476,a-ha-ar,0.2448,a]-ak,0.2417,si-it-tan-me,0.2312
[ri?]-mu-um,ku-ur-ru,0.3202,pi-it-te-ga,0.2908,hu-pi-e,0.2904,ap-pa,0.2709,ar,0.2624
u2-ri-[pu]-up,(d)ša-la-me,0.2483,i,0.2366,hu-šu-a,0.236,dingir-gal,0.2263,en,0.2256
ki?-iz?-zu-um,a-lu-me-lu,0.3041,(m)ki-,0.2768,[…]-ak,0.264,mi-ši-ma-na,0.2434,la-an-si-ti-ih,0.241
],(d)iš-ni-ka-ra-ab2,0.4232,ha-ap-ši,0.3026,(d)nun.sunki,0.2813,ha-ap-pa-ti-iš,0.2568,im-me,0.2511
(d)[…,ku-ur-ru,0.3726,pi-tu4-ma,0.2785,ta-ak-me,0.2583,tu4-um-pa-an-ra,0.258,ha-ta-am-ti-ir,0.2479
e,si-a-an-ku-uk-ra,0.4196,(d)ši-ia-šu-um,0.3078,in,0.2987,sah]-ri,0.2855,la-an-si-ti-ir-ra,0.2811
[h]a-li-ik,ki-ik-ki-te-eh,0.3399,a-ak,0.3221,na-a,0.314,u2,0.304,il-ki-ka,0.2968
(d)[…],ki-du-um-ma,0.2919,(d)ha-te-ri-iš-nu,0.2843,la-an-[si-ti-me,0.2727,(d)u2-pur-ku-pa-ak,0.2524,(f)na-pír-a-su,0.2388
li?-ki?-ri?-en?,[pi-el],0.3634,ka-da-an,0.2811,[dingir-gal,0.2711,u2-me,0.2681,an-za-an,0.2542
š[u-šu-un-ka,(d)nun.sunki-me,0.2722,il-ki-ka,0.2686,ha-al-li,0.263,hu-ut2-tak,0.2611,[si]-ia-an-ku-uk,0.25
su-un-ki-i[k],ki-ib-ra-at3,0.2772,[…]-ih-ma,0.2652,(d)pi-ni-gir3-me-im-ma,0.2449,ip,0.2423,šu-ul-lu-me-en-ka,0.2386
(m)un-t[aš]-dingir-gal,pi-tu4-um-ma,0.3112,(md)hu-um-ban-nu-me-na-ki,0.2476,ia-ak,0.2383,zu-u[n-ki-ip],0.2281,(d)ha-te-ri-iš-nu-me,0.2261
hi-ih-ni,ku-u[k-ši-ih],0.2549,hu-ut-tah-ša,0.2455,uk-ku-pi,0.2401,la-ni-ia,0.2225,ku-du-ma,0.2161
si]-it-tim,ku-ul-la-an-ka,0.2781,nu-ur,0.2597,ki-ib-ra-at,0.246,du-[…]h-pi,0.2285,ku-ši-ih-ma,0.2273
pi-el],i,0.3205,(d)hi-iš-mi-di-ik,0.2472,a-i-in,0.245,na-a,0.2347,(d)pa-tug2,0.2331
si-ia-an-[ku-uk-ra,hu-pi-e,0.279,{li}-na,0.2757,u2-ri-pu-pi,0.2614,hu-ut-ta-ak,0.2565,(md)hu-um-ban-nu-me-na-ki,0.2459
hu-ut2-tak-ha-li]-ik,(d)PA.TUG2,0.3697,ni,0.3345,a-gi,0.3274,pi-el,0.3001,a-pi-me,0.2989
[li-mi-in-ra,pi-tu4-ma,0.3064,-me,0.2967,ša-am?-me-eh-ši,0.2587,(d)kir-ma-sir-me,0.2535,[ku-ši-ih],0.2453
u2-pa-at],hi-en-ka,0.2671,(d)nin-e2-gal,0.2624,ul-hi,0.2599,ki-du-um-ma,0.2574,[ri?]-mu-um,0.2511
[šu-šu-un-ka,in-di-ik-ka,0.3453,du-ni-[ih,0.3046,ki-ik-ki-te-eh,0.2874,ip,0.2774,ul-lu-ru-uk,0.2628
(md)hu-um-ban-nu-me]-na-gi,(f)na-pír-a-su,0.297,a-ha-an,0.2783,ha-ap-ti-iš,0.2699,pa-ka-an-ra,0.2666,na-a,0.2435
ta-at-ta-ah,zu-un-ki-me,0.3568,(d)in-šu-uš-na-ak,0.2979,u2-pa-at,0.293,az-ki-it,0.269,u2-me,0.2652
mu-ur-ta-ah,ia-ak,0.3575,(d)ki-la-ah-šu-pi-ir,0.3111,si-ir-ha-al-te,0.2918,ul-li-na,0.2918,[…u2-pa-at,0.2365
(d)be-li-li-me,si-ia-an-ku-uk-pa,0.2975,ul-li-na6,0.2649,(f)na-pír-a-su,0.2614,lu-bu-ru-uh,0.2561,an-ka,0.2265
(d)da-mu-si,du-ni-[ih,0.3653,(md)hu-ban-nu-me-na-ki,0.3165,ul-hi,0.2912,(d)be-la-la,0.2868,[u2,0.2854
h[u-ut-tak-h]a-li-ik,ha-<at>,0.2845,šu-uh-tir,0.254,si-di-im-ma,0.2413,(d)ki-ri-ri-ša-me,0.2362,ha-ap-pa-ti-iš,0.2302
hi?-[…],hi?-iš,0.2767,(d)[hu]-um-ban-nu-me-na-gi,0.2548,su-ku-un-ra,0.2513,hu-uh-tah,0.2467,ha-ap-ši,0.2372
e[l?-x-x]-at-tu4,si-a-an-ku-uk-ra,0.2818,[…]-uš-ni-e,0.2802,(d)ki-ri-ri-ša,0.2766,ki-ik-ki-ti-ih,0.272,ri,0.2703
(d)hu-ban-[um]-me-na-ki,ki-ib-ra-at3,0.2522,a-lu-mi-im-ma,0.2437,ša-ak,0.239,(d)na-bu-u2,0.2253,u2-ri-[pu]-up,0.2138
(d)su-un-ki-ir-ri-ša-ar-ra,[hi-ih,0.2574,[ki?]-zu-um,0.2455,[ri?]-mu-um,0.2255,an-[za-an],0.2187,ha-ap-ši,0.2167
ta-ak-ki-ip-pi,lu-mu-un-ra,0.288,an-[za-an],0.2767,hu-uh-ni-me,0.2685,ku-du-ma,0.2523,[…]-nu-me-na-gi,0.2346
pu-uk-ši,um-me,0.2894,hu-uh-tah-ša,0.2676,hi-el,0.2623,(d)ki-la-ah-šu-pi-ir,0.262,li-ki-ir,0.2562
(md)hu-um-ban-um-me-na-gi,sa-ah-[ri],0.2801,hu-un-hi-ih-na,0.2456,(d)ha-te-ri-iš-[…],0.2439,hu-uh-[tah-ša],0.2387,hu-uš-ti-in,0.2198
li-ni-en,in-gi,0.2822,(d)im,0.2555,ka?-ap-na-ak,0.2515,ha-ap-ti-iš,0.2502,(d)in-šu-uš-na-ak,0.2389
pi-ip-li-ih,zig-ra-tu4,0.2959,i-la-a-ni-me,0.2869,[la-ha-ak-ir-ra],0.2801,tu4-um-pa-an-ra,0.274,a]-ak,0.232
ap-pu-ki-i,(d)in-šu-[uš]-na-ak,0.2664,nu-mu-un,0.2501,ša-am?-me-eh-ši,0.2476,(d)ru-hu-ra-te-ir-me,0.2432,mu-ur-ta-an-ra,0.238
ap-pu-ki-me,lu-lu-uh-šu,0.3299,a-gi,0.3071,ku-ši-ha,0.2824,ki-it-ti-ma,0.2436,(d)na-zi-it-me,0.2349
mu-ur-ta-an-ra,(d)hu-um-ban-me,0.2552,ap-pu-ki-i,0.238,du-ni-iš,0.2338,(d)ša-la-me,0.2325,[ri?-im?]-mu-u[m,0.2227
pa-ap-pa-ra-na,ri?-im?-um,0.3354,li-na,0.2559,la-am]-li-[e-ma,0.2434,[u2,0.237,si-di-im-ma,0.2304
ha-ap-pa-ti-iš,(f)na-pír-a-su,0.3369,la-an-si-ti-e,0.2935,ki-du-um-ma,0.2844,(d)ha-te-ri-iš-nu,0.2826,šu-du-ur,0.2653
li-li-ra,ku-[ku]-un-nu-um,0.3208,ša-ra-ra,0.3076,ki-du-um-ma,0.2868,az-ki-it,0.2779,an-za-an,0.2623
ip-il-la-ti-ma,ki-nu-ni,0.2956,ru-ri-na,0.2933,mu-ši-it-ta,0.2636,ta-ak-[me],0.2534,ku-[ku]-un-nu-um,0.2528
mu-ur-ti,un,0.3432,hu-sa-a,0.2679,(d)hi-iš-mi-di-ik,0.2668,uk-ku-pi,0.2624,pi-it-te-ka,0.2554
hi-ih2,me-el-ka-an-ra,0.3151,(d)hu-ba-nu-me-en-na-ki,0.3077,la-ni-ia,0.2752,su-kar-tah,0.2673,mu,0.2527
pa-ka-an-ra,(m)hu-ban-um-me-na-ki,0.3327,(md)hu-um-ban-nu-me-na-ki,0.3137,(md)hu-um-ban-nu-me]-na-gi,0.2666,[hi-ih,0.2612,pi-li-in,0.2226
la-ni-e,ku-la-a,0.3792,si-ti-i,0.2989,(d)na-bu-u2,0.2619,(d)hu-um-ban,0.2572,te-pu-uh,0.2376
la-ni-ia,hi-ih2,0.2752,me-lu-uk-ma,0.2427,[u2],0.2419,kuš3,0.2306,[…]-nu-me-na-gi,0.223
(d)hu-um-ban-me,[ip-il-la-ti],0.3024,ta-[ak]-me,0.2772,dingir-gal-me,0.2665,mu-ur-ta-an-ra,0.2552,[ku-ši-ih],0.2253
(d)hu-um-ban-um-me-en-na-ki,ha-at,0.2481,hu-sa-a,0.2394,hu]-us-si-ip-me,0.2389,hu-[ut]-tak-ha-li-ik,0.2171,ha-ah-ni-in-ra,0.2159
ul-li-na6,a-pu,0.307,te-la-ak,0.2783,la-am-li-e-ma,0.2767,ni-im-ma,0.2715,un-taš-dingir-gal,0.2712
su-kar-tah,a-ak,0.2945,ha-at,0.2823,hi-ih2,0.2673,sa-ah-[ri],0.2643,(md)hu-um-ban-nu-me-en-na-ki,0.2605
ha-ap-ši,],0.3026,si-[ia-an-ku]-uk-[ra,0.2504,hi?-[…],0.2372,si-it-tan-me,0.2329,(d)su-un-ki-ir-ri-ša-ar-ra,0.2167
ha-di-en,si-di-im-ma,0.3054,tu4-[ur],0.2991,su-ku-un-ra,0.2859,(d)kir-ma-sir-me,0.2685,ša-ri-ik,0.257
in-di-ig-ga2,missing,0.2835,tu4-ru-uš-ni-e,0.2621,ku-te-en,0.2602,(d)nun.sunki-me,0.2561,(d)im,0.2501
gi-nu-ni,a-pi-me,0.3299,šu-un-šu-ir-pi,0.2653,la-am-li-e-ma,0.2583,si-ia-ni-me,0.2396,te-ip-[ti],0.2381
in-di-ig-ga4,ta-ak-me,0.3058,(md)hu-ban-um-me-en-na-ki,0.293,mu-ur-tah,0.2927,dingir-gal,0.2763,zu-u[n-ki-ip],0.2762
hu-ban-nu-me-en-na-ki,hi-ih-li,0.2712,la-am-li-e-ma,0.252,ku-ur-ru,0.2464,(d)in-šu-uš-n[a-ak],0.246,si-ia-an-ku-uk-pa],0.2454
il-li-na,ha-at,0.2528,ik-el,0.24,su-kar-tah,0.2384,(d)nin-a-li,0.2374,[la-ha-ak-ir-ra],0.2369
hu-šu-ut-ta,(d)in-šu-uš]-na-ak,0.2446,hu-un-hi-ih-na,0.2227,mi-el-ki,0.2195,(d)iš-ni-ka-ra-ab2,0.2182,(d)[…,0.2114
ki-nu-ni,ip-il-la-ti-ma,0.2956,zu-uk-ma,0.2931,(d)hu-ban-um-me-en-na-ki,0.2849,si-ia-an-ku]-uk-pa,0.2809,hi-ih-li,0.2492
hu-ut-ta-an,ki-it-ti-in,0.2337,a-i-in,0.2309,in]-ti-ig-[ga],0.2212,me-lu-uk-ra],0.2207,hi-ih-ni],0.2191
zu-uk-ka-an,(d)aiba-sunkir,0.2956,lu-be-en,0.2644,[ri?]-mu-um,0.2592,in-ti-ik-ka,0.2464,(d)na-ap-ra-te-ip,0.2384
si-ti-i,a-ha-an,0.341,ki-it-ti-im-ma,0.3126,la-ni-e,0.2989,hu-ut-tak-ha-li-ku,0.2967,si-ia-an-i-me,0.2766
ka-da-an,li?-ki?-ri?-en?,0.2811,nu-mu-un,0.2609,šu-šu-[un-ka],0.2608,li-na-pu-un,0.2492,ir,0.2419
ša-ar-ra-na,du-ni-ih,0.3711,hu-[ut-tah],0.3096,hi-en-ka,0.2758,ku-ši-ih,0.2532,ik-ku,0.2467
hu-sa-a,mu-ur-ti,0.2679,(d)hu-ban-nu-me-en-na-ki,0.2586,(d)hu-um-ban-um-me-en-na-ki,0.2394,az-ki-[it],0.2281,in-ti-ik-ka,0.2262
li-ik-ri-in,li-mi-in-ra,0.3439,li-na,0.3338,(d)ma-an-za-at,0.2942,[ip-il-la-ti],0.2748,u2,0.2618
hu-ma-ka-ak,(d)in-šu-[uš]-na-ak,0.2759,ir,0.2746,a-i-in,0.2655,(d)ma-an-za-at,0.2569,ha-al-te-te,0.252
uk-ku-ma,na-pir2-ri-ša-ar-ra-pi,0.2521,pi-du-um-ma,0.2335,hi-ih-li,0.2218,(d)ma-áš-ti,0.2214,hu-ut2-tak?-ha?-[…],0.2203
zu-lu-ka-ak,ša-tu4-uh-ni,0.3244,ur,0.3114,an-ka,0.3032,zu-un-ki-ip,0.2943,a-al,0.2755
zu-uk-ma,hi-en-ga,0.3188,ki-nu-ni,0.2931,id,0.2855,[š]u?-ut?-ta?,0.2742,hu-ut2-tak?-ha?-[…],0.2537
il-ki-ka,ul-hi,0.3098,[h]a-li-ik,0.2968,[a-h]a-an,0.2855,š[u-šu-un-ka,0.2686,du-uh,0.2673
ha-ap-ti-iš,[…u2-pa-at,0.3297,(husa)tukul-har-sag,0.3067,ia,0.2952,a-pu-un,0.2824,(md)hu-um-ban-nu-me]-na-gi,0.2699
hi-i-še,hi-en-ga,0.3129,li-mi-in-ra],0.2805,la-an-si-di-ia,0.263,x-x,0.2477,hi-en-ka,0.2438
ša-qu-tu4,[ri?-im?]-mu-u[m,0.3616,su-un-ki-ir,0.2968,dur-na-ah-u2-te-{na}?,0.2904,hu-ut2-tak,0.2842,ta-ak-me,0.2803
a-bu-ul-lu,te-la-ak-li,0.2831,te-im-ma,0.2715,(d)nin-e2-gal,0.2608,ap-pa,0.2362,ša-ri-ih,0.235
hi-el,u2-pa-at,0.2686,pu-uk-ši,0.2623,(m)un-taš-dingir-gal-me,0.2569,u2,0.2399,šu-lu-me-en-[ka],0.2383
lu-bu-ru-uh,ir-mu,0.4346,(d)be-li-li-me,0.2561,ar,0.2438,ha-li-ih,0.2403,si-ia-an-ku-{uk}-[pa],0.2372
ha-al-li,š[u-šu-un-ka,0.263,[an-za-a]n,0.255,si-ia-an-ku-uk-ra,0.2547,(d)iš-ni-ka-ra-ab,0.2381,un,0.2362
(d)in-šu-ši-na-ak-me,[ku-ši-ih],0.2958,[…u2]-pa-at,0.2579,(d)in-na-na,0.2479,si-ir-ha-al-te,0.241,ša-at-me,0.2393
šu-du-ur,ta-ah,0.2805,ha-ap-pa-ti-iš,0.2653,(d)hi-iš-mi-di-ik,0.252,du-[…]h-pi,0.2346,[h]a-li-ik,0.2323
pi-du-um-ma,ha-al,0.3499,zig-ra-tu4-me,0.3094,(d)pi-ni-gìr,0.2932,hu-tu4-un-ra,0.2769,ki-ik-ki-ti-ih,0.2715
ki-du-um-ma,(d)[…],0.2919,li-li-ra,0.2868,ha-ap-pa-ti-iš,0.2844,pi-tu4-um-ma,0.2832,si-a-ku-uk,0.2786
la-an-si-di-ia,gi-ri-ni,0.2684,hi-i-še,0.263,si-a-ku-uk,0.2565,li-gi-e,0.2411,ku-ul-la-an-ka,0.2359
ik-el,(m)hu-ban-nu-me-na-ki,0.2643,la-an-si-ti-ir-ra,0.2505,hi?-iš,0.2485,la-an-si-ti-me,0.2405,il-li-na,0.24
ši-in-ni,[t]e-ip-ti,0.2995,la-am-li-e-ma,0.2814,[si]-ia-an-ku-uk,0.2716,(d)ha-te-ri-iš-nu,0.2554,ha-li-ik,0.252
lu-mu-un-ra,zu-uk-ka-an-ka,0.3132,id,0.2922,ta-ak-ki-ip-pi,0.288,hu-pi-e,0.2809,zu-un-ki-ik,0.2668
ha-al-te-te,hu-ut2-tah-ha-li-ih,0.2995,ta-ak-[me],0.2891,li-in-ra,0.2754,-me,0.2708,me-lu-uk-ra,0.2582
du-ha-an-ra,ul-li-na,0.3099,ma-šu-um,0.3036,in]-ti-ig-[ga],0.2652,me-en-pu,0.2642,(d)nin-a-li,0.2536
tu4-ul-li-in,mu,0.274,(m)un-taš-dingir-gal-ki,0.267,(d)ki-la-ah-šu-pi-ir,0.2542,ri-e-ru-um-ma,0.254,[hi-ih,0.2532
li-in-ra,[dingir-gal],0.3549,ha-du,0.3016,(d)hu-ba-nu-me-en-na-ki,0.2826,ha-al-te-te,0.2754,ip-il-la-ti-ma,0.2438
ku-ta-a,[i],0.3144,pi-[el,0.2817,la-ha-ak-ir-ra,0.272,[h]a-li-ik,0.257,a-ak,0.2412
si-ia-an-ku-uk-ma,su-ku-ša-ak,0.2665,ši-in-ni,0.2218,(husa)tukul-har-sag,0.2174,(d)nin-a-li,0.2141,tu4-ni-ih,0.2129
hi-i-še-e,(d)ru-hu-ra-te-ir-me,0.2885,[hi]-ih,0.2691,(d)ru-hu-ra-tir,0.2578,a-lu-mi-im-ma,0.2566,ša-qu-tu4,0.2556
mi-ša-ri,si-di-im-ma,0.2881,(d)na-ah-hu-un-te-ir,0.2744,nu-mu-un,0.2583,ku-ši-ih-ša,0.252,hu-uš-ti-in,0.2434
lu-ub-bu-ru-uh-ni,tu4-[ur],0.2546,hu-ut-ta-ak-[ha-li-ik],0.2393,ta-ak-me,0.2292,[hu]-šu-ia,0.222,me-[lu]-uk-ra,0.2211
si-ia-an-ku-uk-pa-me,(d)kir-ma-sir-me,0.3477,[la-ha-ak-ir-ra,0.2918,ku-ši-ih-ma,0.2851,(d)hu-ban-nu-me-na-ki,0.2691,(d)iš-ni-ka-ra-ab2,0.2603
šu-tu4-ur,si-ia-an-i-me,0.2823,ha-at-ta-an-ra,0.2712,du-un-ra,0.2614,(d)in-šu-uš-na-ak4,0.2376,sa-al-mu-um,0.233
pi-tu4-um-ma,ir,0.3159,(m)un-t[aš]-dingir-gal,0.3112,ki-du-um-ma,0.2832,šu-šu-[un-ka],0.2761,ki-it-ti-im-ma,0.2677
ku-du-um-ma,[a-gi],0.3371,(d)in-šu-uš-na-ak,0.309,ša-ri-ih,0.3083,[…],0.3059,li-ki-ir,0.2976
pi-it-te-ga,(d)kir-ma-sir-me,0.2976,[ri?]-mu-um,0.2908,[…]-a,0.2764,ta-ak-[me],0.2524,-me,0.2464
te-la-ak-[ni],(d)hu-ban-nu-me-na-gi,0.3817,la-am-li-e-ma,0.2759,in-ti-[ig]-ga,0.2543,[az-ki-it,0.2378,{li}-na,0.23
hu-ut2-tak?-ha?-[…],te-ip-ti,0.2962,a-pi,0.2669,ia,0.2628,ul-hi,0.2571,hu-ut2-tak-ha-li]-ik,0.2566
du-[…]h-pi,ul-li-na,0.3524,in-ti-ig-ga8,0.3513,(d)na-ah-hu-un-te,0.2903,hu-šu-a,0.2712,šu-du-ur,0.2346
la-an-gi-el-li,mu,0.3481,ra,0.3115,ša-[ak,0.2631,in-[ti-ik-ka,0.256,a-pi,0.2504
[…]-pi,šu-lu-me-ka,0.3549,šu-ut-me,0.3023,šu-<ut>-ki-me,0.2618,nu-mu-un,0.2474,e[l?-x-x]-at-tu4,0.2461
hu-ut2-tak,tu4-ni-ih,0.2869,ša-qu-tu4,0.2842,š[u-šu-un-ka,0.2611,hi-ih,0.248,zig-ra-tu4-me,0.2458
ha-du,si-ia-ni-me,0.303,li-in-ra,0.3016,a-pi,0.2958,dingir-gal],0.2715,in-tu4-um,0.2497
ta?-du?-ra-na,šu-šu-un-[ka]-[…],0.2403,li-gi-e,0.2297,hu-šu-a,0.229,la-an-si-di-ia,0.2278,šu-du-ur,0.2258
[…]-ar-na,a,0.3249,ni,0.3092,[ku-ku]-un-nu-um,0.3041,(d)ša-la,0.2858,an-za-an,0.2844
(d)kir-ma-sir-me,si-ia-an-ku-uk-pa-me,0.3477,a,0.3455,pi-it-te-ga,0.2976,(d)in-šu-[uš-na-ak,0.2938,-me,0.2887
[…]-ih-ma,(d)nin-a-li-me,0.2673,(md)hu-[um-ban-nu-me-na-gi],0.2669,su-un-ki-i[k],0.2652,ip-il-la-ti-ma,0.2348,(d)ki-la-ah-šu-pi-ir],0.234
a[n-za]-an,[ur(?),0.3571,in-gi,0.3424,zu-uk-ka-an-ka,0.3285,hu-ut-tak-ha-li-ik,0.3224,si-a-an-ku-uk],0.3092
[su]-un-ki-ik,hu-šu-a,0.3316,(d)[hu]-um-ban-nu-me-na-gi,0.2886,a[n-za]-an,0.2334,li-ik-ri-in,0.2333,[…]-ak,0.2256
[…]-nu-me-na-gi,šu-šu-un-[ka]-[…],0.3393,na-ah-hu-un-te-ir,0.2819,10,0.2601,hi-[en-g]a,0.2566,sa-al-mu-um,0.2484
hi-ih-ni],dur-na-ah-u2-te-{na}?,0.358,in]-ti-ig-[ga],0.3285,ša-ri-ih,0.2858,[u2,0.2855,tu4-ur],0.2836
[si-it-tim,te-la-ak-ni,0.3068,la-an-si-ti-ir,0.2497,šu-ul-lu-me-ka,0.2442,hu-ut2-tak-ha]-li-[ik,0.2367,la-an-si-ti-me,0.2234
me-lu-uk-ra],(d)hu-ban-nu-me-en-na-ki,0.3356,(d)pi-ni-gìr,0.2983,(md)hu-um-ba-nu-me-na-[ki,0.2848,zu-uk-ka-an-ka,0.2699,me-lu-uk-ra,0.25
pi-[el,u2-me,0.4089,li-na,0.3414,[…],0.3323,du-ni-ih,0.3219,hu-ut2-tah-ha-li-ih,0.2983
li-mi-in-ra,li-ik-ri-in,0.3439,na,0.3156,si-ia-ni-me,0.2749,(d)ma-an-za-at,0.265,ha-ta-am-ti-ir,0.2577
(d)ki-la-ah-šu-pi-ir],si-ia-an-ku-uk,0.3133,un-taš-dingir-gal,0.2422,si-ia-an-ku-uk-pa],0.2417,ta-ri-ir,0.2344,[…]-ih-ma,0.234
hu-ut2-tak-[ha-li-ik,hi-ih-li,0.2709,tu4-ni-ih,0.2705,a]-ak,0.2631,si-ma-aš2,0.2491,(d)u2-pur-ku-ba-ak-me,0.2463
li-mi-in-ra],hi-i-še,0.2805,la-an-[si-ti-me,0.2574,šu-šu-[un-ka],0.2569,[a-ak,0.2364,sah]-ri,0.221
ku-[ši-ih,up-qu-mi-ma,0.3082,(d)pi-el-ti-ya,0.267,[a]-gi,0.2556,(m)hu-ban-nu-me-na-ki,0.2538,u3,0.2457
li-mi-in,su-un-ki-me,0.3307,sah-ri,0.3074,tu4-ur],0.3055,in-ti-ik-ka,0.3,pi-el,0.2954
an-za-an],u2-[me,0.3393,[ri?-im?]-mu-u[m,0.3225,ku-ši-ih-ši-ma,0.2758,(d)u2-pur-ku-pa-ak,0.2699,dingir-gal-me,0.263
(md)hu-um-[ban-nu-me-na-gi,zi-it-im-ma,0.2674,(d)pi-ni-gir3-me-im-ma,0.2621,sa-al-mu-um,0.2417,a-aš2-ta2,0.2286,hi-e]n-ka,0.2252
(d)zu-un-ki-ir-ri-ša-ar-ra,tu4-up-pi-me,0.416,ki-it-ti-[im-ma],0.2715,zu-[un-ki-me,0.2505,(d)in-šu-uš-n[a-ak,0.234,pi-ip-li-ih,0.2297
ri-e-ru-um-ma,(d)ha-te-ri-iš-nu,0.2925,tu4-ul-li-in,0.254,[hi-ih,0.2333,[…u2-pa-at,0.2288,[dingir-gal,0.2182
(d)zu-un-ki-ir-ri-ša-ar-ra-me,ha-li-[ih,0.3033,(d)ru-hu-ra-te-ir-me,0.3025,(md)hu-ban-nu-um-me-en-na-ki,0.2961,ša-ak,0.2927,ha-li-ih,0.2707
zi-it-im-ma,[…u2]-pa-at,0.3017,hu-[ut-tah],0.3002,na,0.2896,a-gi,0.2868,(d)ša-la-me,0.2718
li-na],hu]-us-si-ip-me,0.2968,ki-ik-ki-ti-ih,0.2798,(d)in-šu-uš]-na-ak,0.2452,hu-[ut]-tak-ha-li-ik,0.2438,(d)in-šu-uš-[na-ak],0.2287
si-[ia-an-ku]-uk-[ra,(d)hu-ban-um-me-na-ki,0.3016,(d)aiba-sunkir,0.279,(d)nin-a-li-me,0.2774,ha-ap-ši,0.2504,(m)hu-ban-nu-me-na-ki,0.243
(d)ki-{ri-ri}-ša,ka-ak-pa-ah,0.4093,(md)hu-um-ban-nu-me-en-na-ki,0.2935,[h]a-li-ik,0.2857,ul-hi,0.2761,šu-ut-me,0.2537
[ku-ši-ih],an-[za-an],0.2994,(d)in-šu-ši-na-ak-me,0.2958,[…]-a,0.2647,[dingir-gal,0.2489,[li-mi-in-ra,0.2453
ki-iš-tu4-um-ma,ta-ak-[me],0.3003,si-ia-an-ku-uk-pa-ri,0.2792,ša-qu-tu4,0.2764,ha-ah-ni-in-ra,0.2566,šu-šu-un-ka,0.2535
(d)ki-ri-ri-ša-me,10,0.3117,ku-ku-un-nu-um,0.3109,hu-[ut-tah],0.3092,mu-ur-tah,0.288,in,0.2744
[a]-gi,(d)na-ap-ra-te-ip,0.2954,ku-[ši-ih,0.2556,[hu]-uh-tah,0.2432,(d)in]-šu-uš-n[a-ak,0.2372,hu-ut2-tak?-ha?-[…],0.2229
[in-ti]-ik-ka,šu-up,0.2897,ku-ku-un-nu-um],0.2755,[…u2-pa-at,0.2449,(d)u2-pur-ku-ba-ak-me,0.2386,šu-uh-tir,0.2306
(d)[hu]-um-ban-nu-me-na-gi,[su]-un-ki-ik,0.2886,uk-ku-ri,0.2693,(d)u2-pur-ku-ba-ak,0.2605,nu-ur,0.2549,hi?-[…],0.2548
10,na,0.3768,(d)ki-ri-ri-ša-me,0.3117,ša-ri-ik,0.289,na-a,0.2815,ta-ri-ir,0.2725
hu-ut-ta-ak-[ha-li-ik],ha-al-ma-šu-um,0.2498,si-ia-a-an-ku-uk-me,0.2434,lu-ub-bu-ru-uh-ni,0.2393,pi-tu4-ma,0.2372,ša,0.2328
[ip-il-la-ti],u2-pa-ti-pi,0.3301,(d)hu-um-ban-me,0.3024,hu-uh-tah,0.2915,missing,0.2856,li-ik-ri-in,0.2748
ia-ak,mu-ur-ta-ah,0.3575,hu]-us-si-ip-me,0.3062,ha-ah-ni-in-ra,0.281,in-di-ig-ga2,0.2497,si-ia-an-ku-[uk],0.2466
az-ki-[it],[…]-uš-ni-e,0.3184,lu-lu-uh-šu,0.2911,a-pu-un,0.2706,si-a-an-ku-uk-ra,0.2657,zu-lu-ka-ak,0.2605
ip-il-la-ti,ša-ra-ra,0.3649,[tu4-ur],0.3009,hu]-us-si-ip-me,0.2633,ar,0.259,(d)aiba-sunkir,0.2437
ki-ik-ki-ti-ih,(d)pi-ni-gìr,0.3354,(m)un-taš-dingir-gal-me,0.2848,li-na],0.2798,(f)na-pír-a-su,0.278,e[l?-x-x]-at-tu4,0.272
pi-tu4-ma,[li-mi-in-ra,0.3064,(d)u2-pur-ku-ba-ak,0.2925,ta-ak-me,0.284,(d)[…,0.2785,si-ia-an-ku]-uk-pa,0.2607
ku-du-ma,ša-am?-me-eh-ši,0.3425,ak-ka,0.2845,(d)u2-pur-ku-pa-ak,0.2762,te-[la-ak-ni],0.2639,la-am]-li-[e-ma,0.256
hu-ul-pa-ah,sah]-ri,0.3163,ša-ri-ih,0.3156,(d)hi-iš-mi-ti-ik,0.3049,li-e,0.2996,[u2,0.2721
hu-uh-ni-me,si-ia-an-ku-uk,0.3454,ta-ak-ki-ip-pi,0.2685,[(d)in]-šu-uš-na-ak,0.2681,(md)hu-ban-nu-me-na-ki,0.264,si-a-an-ku-uk],0.2631
ku-uk-ši-ih,a-ak],0.3319,(md)hu-ban-um-me-en-na-ki,0.2767,šu-lu-me-en-[ka],0.2383,ru-ri-na,0.2381,ku-u[k-ši-ih],0.2352
si-ia-ni-me,ha-du,0.303,[si]-ia-an-ku-uk,0.2883,(d)in-šu-uš-n[a-ak,0.2785,li-mi-in-ra,0.2749,(d)hu-um-ban-nu-me-na-gi,0.2575
hu,ku-du-ni,0.3068,hi-iš-e,0.2472,[ta]š?-šu?-up,0.2408,si-ia]-an-ku-uk-pa,0.2314,zu-uk-ka-an-ka,0.2209
me-en-pu,tu4-um-pa-an-ra,0.3488,ta-ak-me,0.3053,hi-en-ka,0.271,[a-h]a-an,0.2681,sah]-ri,0.2672
tu4-uš,[a-ak,0.3348,me-lu-uk-ma,0.2658,ki-ni-in,0.2635,[me]-lu-u[k-ra],0.2596,u2-ri-pu-pi,0.2471
hu-ni-in,ki-ik-ki-[…],0.2669,lu-pi-en,0.2326,ia,0.2283,ta-ak-[me],0.2174,(md)hu-ban-nu-me-na-ki,0.2095
la-an-si-ti-ir,[ta]š?-šu?-up,0.2884,su-un-ki-ip,0.2606,[si-it-tim,0.2497,a[n-za]-an,0.2271,hi-ih,0.2267
(d)pi-ni-gìr,ta-[ak]-me,0.3874,(d)in-šu-uš]-na-ak,0.3486,ki-ik-ki-ti-ih,0.3354,me-lu-uk-ra],0.2983,pi-du-um-ma,0.2932
nu-ul-ki-ip-pi,[u2,0.339,(d)nun.sunki,0.3094,la-[ha]-ak-[ir]-ra,0.2819,up-qu-mi-ma,0.263,tu4-[ur],0.2432
si-ir-ha-al-te,du-uh?,0.3164,mu-ur-ta-ah,0.2918,[me]-lu-u[k-ra],0.2831,a[n-za]-an,0.263,me-it-ki-ni,0.2435
ki-ni-in,hu-uh-[tah-ša],0.2661,tu4-uš,0.2635,ki-ik-ki-[…],0.2588,hu-ut-tak-ha-li-ku,0.2537,ha-ah-ni-in-ra,0.2533
si-li-in,ki-ik-ki-ti-ih,0.2643,šu-lu-me-ka,0.2599,[šu]-lu-me-en-[ga],0.2572,a-pu,0.2486,(d)hu-um-ban,0.2469
a-lu-mi-im-ma,a-pi,0.3102,[ur(?),0.3021,[dingir-gal,0.2784,(d)te-ip-ti,0.2571,hi-i-še-e,0.2566
ta-aš2-ni,a-aš2-ta2,0.2626,hu-[ut]-tak-ha-li-ik,0.2623,sa-ah-[ri],0.251,(d)[hu]-um-ban-nu-me-na-gi,0.2376,(md)hu-um-ba-nu-me-na-[ki,0.2346
ku-du-ni,su-ku-un-ra,0.3183,hu,0.3068,si-ia]-an-ku-uk-pa,0.2656,si-ia-an-[ku-uk-pa,0.2458,mu-ši-it-ta,0.244
ku-ur-ru,(d)[…,0.3726,[ri?]-mu-um,0.3202,(m)un-taš-dingir-gal,0.2923,(d)in-šu-uš-n[a-ak],0.2857,(md)hu-um-ban-um-me-en-na-ki,0.2581
mi-ši-ma-na,ta-li-in,0.3248,su-un-ki-ip,0.315,a-pi-me,0.2727,pu-uk-ši,0.246,ki?-iz?-zu-um,0.2434
ru-ri-na,hu-uš-ti-in,0.3595,{uk-ku}-me,0.3057,la-an-si-ti-e,0.2981,ip-il-la-ti-ma,0.2933,ka,0.2781
an-ka,hu-tu4-un-ra,0.3307,la-ha-ak-ir-ra,0.33,zu-lu-ka-ak,0.3032,lu-lu-uh-šu,0.2997,te-ip-ti,0.2817
ha-ta-am-ti-ir,(d)pi-el-ti-ya,0.2711,la-[ha]-ak-[ir]-ra,0.2613,li-mi-in-ra,0.2577,(d)[…,0.2479,šu-ut-me,0.2337
i-me-ni,(d)nin-a-li,0.292,ri,0.2868,na,0.2716,ki-ib-ra-at3,0.2696,u2-ri-pu-pi,0.2656
su-ku-ša-ak,tu4-ru-uš-ni-e,0.2828,um-me,0.2805,si-ia-an-ku-uk-ma,0.2665,ki-ni-in,0.2438,[az-ki-it,0.2418
du-un-ra,[in,0.2663,šu-tu4-ur,0.2614,si-di-im-ma,0.2532,na-a,0.2329,(d)ru-hu-ra-tir,0.2249
la-an-si-ti-e,ru-ri-na,0.2981,ha-ap-pa-ti-iš,0.2935,(d)iš-ni-ka-ra-ab2,0.2672,ta-ri-ir,0.2516,pa-ar,0.2458
ha-at-ta-an-ra,si-ia-an-ku-{uk}-[pa],0.3213,a-ha-ar,0.2977,hu-hu-un,0.2914,x-x,0.2849,šu-tu4-ur,0.2712
ta-ri-ir,uk-ku-pi,0.3496,du-ni-ih,0.281,ki-ik-ki-te-eh,0.2767,10,0.2725,si-ia]-an-ku-uk-pa,0.2655
DINGIR-GAL,-me,0.2729,ha-al-te-te,0.2568,(f)na-pir2-a-su,0.2454,[…]-uš-ni-e,0.2425,hu-us-si-ip-me,0.2413
tu4-ur],li-mi-in,0.3055,hi-ih-ni],0.2836,si-ia-an-ra,0.2681,šu-[šu-un-ka,0.2649,[u2,0.2589
zu-[un-ki-me,in(?)],0.3541,un-taš-dingir-gal,0.2908,pa-ar,0.2833,[la-ha-ak-ir-ra,0.2809,tu4-up-pi-me,0.2572
{te-la}-ak-ni,up-qu-mi-ma,0.2571,ip-il-la-ti-ma,0.2489,e,0.2407,te-pu-uh,0.2402,[…]-ti-ia,0.2295
{li}-na,[ri?-im?]-mu-u[m,0.2794,si-ia-an-[ku-uk-ra,0.2757,ku-du-ma,0.2528,(md)hu-um-ban-nu-me-na-ki,0.2517,un,0.2413
si-ia-an-ku-{uk}-[pa],ha-at-ta-an-ra,0.3213,hi-e]n-ka,0.2931,[h]a-li-ik,0.2624,u2-[me,0.2614,dingir-gal-me,0.256
(d)na-zi-it,in(?)],0.276,(d)ša-la,0.2682,zu-uk-ka-an,0.2311,zu-[un-ki-me,0.2306,ku]-ku-un-[nu-um,0.2249
(d)na-zi-it-me,(md)hu-ban-um-me-en-na-ki,0.3021,hu-ut2-tak-ha-li]-ik,0.27,u2-me,0.2522,ni,0.2461,mi-el-ki,0.237
(d)nun.sunki,nu-ul-ki-ip-pi,0.3094,[pi-el],0.2889,],0.2813,[u2,0.2579,hi-ih-ni],0.253
(d)nun.sunki-me,šu-<ut>-ki-me,0.3308,te-la-ak-ni,0.2862,š[u-šu-un-ka,0.2722,a-pu-un,0.2692,in-di-ig-ga2,0.2561
(d)pi-ni-gir3-me-im-ma,[la-ha-ak-ir-ra],0.2867,la-an-si-ti-ih,0.2697,(md)hu-um-[ban-nu-me-na-gi,0.2621,su-un-ki-i[k],0.2449,li-ki-ir,0.2409
10-na,sah]-ri,0.2586,si-ia-a-an-ku-uk-me,0.2211,(d)ki-la-ah-šu-pi-ir,0.2193,(d)na-zi-it,0.2108,(d)te-ip-ti,0.2083
ša-ri-ik,10,0.289,te-la-ak,0.2779,ha-di-en,0.257,ha-<at>,0.2553,zi-it-me,0.2286
a-lu-me-lu,(d)pi-el-ti-ya,0.3133,ki?-iz?-zu-um,0.3041,si-it-me],0.3019,be-el-ti,0.2475,du-ni-[ih,0.2474
(d)u2-pur-ku-ba-ak-me,ku-ku-un-[nu-um,0.3006,hu-ut-ta-an-ra,0.2848,hu-ut2-tak-[ha-li-ik,0.2463,li-mi-in-ra,0.239,[in-ti]-ik-ka,0.2386
(d){na-bu}-u2,ku-ši-ha,0.3065,ul-lu-ru-uk,0.2709,in-di-ig-ga4,0.2468,si-ia-an-ku]-uk-pa,0.2158,(m)hu-ban-um-me-na-ki,0.2118
{ku-ši-ih},in-ti-ig-ga,0.3115,(d)in-šu-uš-na-ak,0.3071,ki-it-ti-im-ma,0.2947,su-un-ki-ik,0.274,(d)na-ap-ra-te-ip-me,0.2708
[hu-us-si]-ip-me,[u2-r]i-pu-up,0.3055,ha-ah-ni-in-ra,0.2882,dingir-gal-me,0.2768,ku-te-en,0.2573,ta-li-in,0.2474
hu-uš-ti-in,ru-ri-na,0.3595,hu-si-ip-me,0.325,te-ip-ta,0.2977,ir-mu,0.2444,mi-ša-ri,0.2434
šu-šu-[un-ka],tu4-ur,0.2961,li-ik-ri,0.2763,pi-tu4-um-ma,0.2761,šu-lu-me-ka,0.2672,ka-da-an,0.2608
(md)hu-[um-ban-nu-me-na-gi],(d)na-bu-me,0.2944,[a-gi],0.2901,[…]-ih-ma,0.2669,pi-ti-ir,0.2497,na-a,0.2404
(md)hu-ban-nu-um-me-en-na-ki,(d)zu-un-ki-ir-ri-ša-ar-ra-me,0.2961,lu-pi-en,0.2895,te-[la-ak-ni],0.2548,zu-[un-ki-me,0.2505,(d)u2-pur-ku-pa-ak,0.2487
(d)aiba-sunkir,(d)hu-ban-nu-me-en-na-ki,0.2977,zu-uk-ka-an,0.2956,si-[ia-an-ku]-uk-[ra,0.279,si-ia-an-ku-uk-pa],0.2696,la-an-[si-ti-me,0.2679
nu-mu-un,ka-da-an,0.2609,mi-ša-ri,0.2583,šu-šu-[un-ka],0.2502,ap-pu-ki-i,0.2501,a-ah?,0.2486
hu-[ut]-tak-ha-li-ik,(md)hu-um-ba-nu-me-na-[ki,0.3462,ta-aš2-ni,0.2623,li-na],0.2438,ku-ur-ru,0.2252,(d)ki-ri-ri-ša-me,0.2205
zu-uk-ka-an-ka,a[n-za]-an,0.3285,lu-mu-un-ra,0.3132,me-lu-uk-ra],0.2699,hu-ut-ta-an-ra,0.2585,kuš3,0.2409
en,a-pu,0.3902,ha-<at>,0.2873,(d)in-na-na,0.2822,ša-[ak,0.2621,li-mi-in,0.2617
{uk-ku}-me,in(?)],0.3537,ru-ri-na,0.3057,pi-it-te-ka,0.3017,[az-ki-it,0.2892,[hi]-ih,0.2479
du-uh,il-ki-ka,0.2673,te-[la-ak-ni],0.2652,(d)ki-{ri-ri}-ša,0.2312,su-un-ki-me,0.2282,[…]-pi,0.2274
{ku}?-nu-um,(m)hu-ban-nu-me-na-ki,0.255,hu-ut-ta-an-ra,0.2529,šu-ut-ku-me,0.2426,hi-ih-ni],0.234,(d)in-šu-ši-na-ak-me,0.2306
ša-am?-me-eh-ši,ku-du-ma,0.3425,(d)in-šu-[uš]-na-ak,0.2763,[li-mi-in-ra,0.2587,ap-pu-ki-i,0.2476,(m)un-taš-dingir-gal-ki,0.2453
lu-lu-uh-šu,ap-pu-ki-me,0.3299,an-ka,0.2997,ku-ku-un-nu-um…,0.2921,az-ki-[it],0.2911,ku-ul-la-an-ka,0.2769
ku-[ku]-un-nu-um,[…]-ti-e?,0.3721,li-li-ra,0.3208,dingir-gal],0.2755,ip-il-la-ti-ma,0.2528,[t]e-ip-ti,0.2459
mu-ur-ta-an,(d)pa-tug2,0.3747,kuš3,0.3118,šu-ut-ku-me,0.2536,(d)ru-hu-ra-te-ir-me,0.2535,(f)na-pir2-a-su,0.2456
dur-na-ah-u2-te-{na}?,hi-ih-ni],0.358,u2-pa-ti-pi,0.3205,ku-tu4-un,0.3155,(d)hu-ban-um-me-en-na-ki,0.2985,ša-qu-tu4,0.2904
[ta]š?-šu?-up,da-ah,0.2962,la-an-si-ti-ir,0.2884,zu-u[n-ki-ip],0.2547,a-ha-an,0.2489,ha-ap-ti-iš,0.2481
ha-ni-ih-ši,up-qu-mi-ma,0.3137,šu-ul-lu-me-ka,0.2399,(d)ki-ri-ri-ša-me,0.2381,ha-ta-am-ti-ir,0.2329,a-ak],0.231
hu-un-hi-ih-na,ul-lu-ru-uk,0.2669,ki-du-um-ma,0.2532,(d)hu-um-ban-nu-me-na-gi,0.2501,(md)hu-um-ban-um-me-na-gi,0.2456,šu-uh-tir,0.2338
me-lu-uk-ma,ki-it-ti-im-ma,0.3496,kuš3,0.314,si-a-an-ku-uk-ra,0.2893,gi-ri-ni,0.2694,(d)nin-e2-gal,0.2665
ki-it-ti-in,up-kum-mi-ia,0.3297,mu-uh-du-uh-me,0.308,a-ha-an,0.2851,da-ah,0.2528,ku-ku-un-nu-um…,0.2497
ša-at-me,si-ia-an-i-me,0.2933,sa-ah-ri,0.29,[u2,0.2888,(d)da-mu-si,0.2789,(md)hu-ban-nu-me-na-ki,0.2756
šu-ut-me,(d)te-ip-ti,0.3329,[…]-pi,0.3023,me-[lu]-uk-ra,0.2853,(d)na-ap-ra-te-ip-me,0.2577,(d)hi-iš-mi-ti-ik,0.2545
du-ni-iš,[ri?-im?]-mu-u[m,0.2533,su-un-ki-ip,0.2412,mu-ur-ta-an-ra,0.2338,šu-uh-tir,0.2327,{li}-na,0.2318
si-di-im-ma,ha-di-en,0.3054,mi-ša-ri,0.2881,du-un-ra,0.2532,h[u-ut-tak-h]a-li-ik,0.2413,pa-ap-pa-ra-na,0.2304
da-ah,[šu-šu]-un-ka,0.3121,si-it-me],0.3028,[ta]š?-šu?-up,0.2962,i-la-a-ni-me,0.2843,{ku-ši-ih},0.2539
si-ia-a-an-ku-uk-me,[…]-ti-e?,0.2901,zu-uz-ka-tah,0.2476,hu-ut-ta-ak-[ha-li-ik],0.2434,in-[ti-ik-ka,0.242,(d)te-ip-ti,0.2283
te-ip-ta,hu-uš-ti-in,0.2977,li-e,0.2941,[h]a-li-ik,0.2685,si-a-ku-uk,0.2661,pu-uh-x-x,0.2474
ik-ku,du-ni-ih,0.3913,hi-[…],0.3255,ha-at-ta-an-ra,0.2648,hi-ih,0.2614,si-a-an-ku-uk-ra,0.2567
u2-ri-pu-be,(d)in]-šu-uš-n[a-ak,0.2603,te-ip-[ti],0.2502,a-aš2-ta2,0.2501,a-pu,0.2461,ir-mu,0.2443
ka-tah2,a]-ak,0.2582,hu-tu4-un-ra,0.2373,me-el-ka-an-ra,0.2318,(d)pi-ni-gir3-me,0.2265,(md)hu-ban-nu-me-na-gi,0.2254
in-tu4-um,šu-ul-lu-me-ka,0.3132,a-pu-un,0.2813,ir,0.2768,a-al,0.2537,ia,0.2524
uš-ta-na,[ku-ši-ih],0.2268,li-en-ra,0.223,ku-ur-ru,0.2227,pu-uk-ši,0.2196,(d)PA.TUG2,0.2182
(d)hu-ban-um-me-na-ki,si-[ia-an-ku]-uk-[ra,0.3016,ku-ši-ih-ša,0.2867,[te-ip]-ti,0.2813,li-e,0.2666,an-za-an,0.2423
hu-ut-tak-ha-li-ku,(d)in-šu-uš-na-ak-ri,0.3078,hu-uh-[tah-ša],0.3019,si-ti-i,0.2967,li-ik-ri,0.2907,(d)hi-iš-mi-ti-ik,0.275
ir-mu,lu-bu-ru-uh,0.4346,gi-ri-na,0.2532,hu-uš-ti-in,0.2444,u2-ri-pu-be,0.2443,a-pi-me,0.2311
ki-ik-ki-[…],(d)30,0.2956,hu-ni-in,0.2669,ki-ni-in,0.2588,[ku-ku]-un-nu-um,0.2536,(md)hu-um-ban-um-me-en-na-ki,0.2389
sig-ra-tu4,in-ti-ik-ka,0.2411,ku-ur-ru,0.235,pi-tu4-ma,0.2344,ha-al,0.2325,si-a-an-ku-uk,0.2264
du-uh?,si-ir-ha-al-te,0.3164,gi-ri-ni,0.2626,[u2],0.2385,(d)hi-iš-mi-ti-ik2,0.2256,(d)pi-ni-gir3-me,0.2252
a-ah?,si-ia-an-ra,0.2766,[…]-a,0.2663,ta-ri-ir,0.2577,nu-mu-un,0.2486,ta-li-in,0.2467
li-ik-ri,in-ti-ig-ga,0.3024,(d)im,0.2954,hu-ut-tak-ha-li-ku,0.2907,šu-šu-[un-ka],0.2763,[me]-lu-u[k-ra],0.2419
(d)ha-te-ri-iš-[…],i,0.2808,[hu]-ut2-tah,0.2454,(md)hu-um-ban-um-me-na-gi,0.2439,šu-ul-lu-me-en-ga,0.226,zu-lu-ka-ak,0.2228
me-[lu]-uk-ra,na-ah-hu-un-te-ir,0.2982,šu-ut-me,0.2853,[u2-r]i-pu-up,0.2786,ru-ri-na,0.2723,ka-ak-pa-ah,0.2401
ki-it-ti-[im-ma],(d)zu-un-ki-ir-ri-ša-ar-ra,0.2715,du-ni-[ih,0.2413,ša-at-me,0.2256,hu-ut-tah,0.2251,hu-ut-ta-ak,0.2191
[pi-el],li?-ki?-ri?-en?,0.3634,ha-at,0.2932,(d)nun.sunki,0.2889,i-la-a-ni-me,0.2511,up-ku-mi-[ia],0.2442
pa-at-tah,(d)hi-iš-mi-ti-ik2,0.2992,ša-at-ki-me,0.2772,sah]-ri,0.2731,hu-ut2-tah-ha-li-ih,0.2662,ar,0.2557
(d)ha-te-ri-iš-nu,ak-ka,0.3182,up-ku-mi-[ia],0.3102,ri-e-ru-um-ma,0.2925,in,0.2888,(d)[…],0.2843
hu-si-ip-me,hu-uš-ti-in,0.325,du-ni-[ih,0.2705,nu-ur,0.2538,ki-ib-ra-at,0.2531,(d)[hu]-um-ban-nu-me-na-gi,0.2408
(d)ha-te-ri-iš-nu-me,(d)in-šu-uš-n[a-ak],0.3799,um-me,0.2934,me-lu-uk-ra,0.2696,(d)hi-iš-mi-ti-ik2,0.2599,[u2-r]i-pu-up,0.2477
hi-e]n-ka,[…u2]-pa-at,0.3438,te-ip-[ti],0.3007,si-a-an,0.2938,si-ia-an-ku-{uk}-[pa],0.2931,li-ki-ir,0.2862
[in-gi,tuš,0.2543,ha-di-en,0.2512,a-ha-an,0.2396,x-pa-lu,0.2359,a-bu-ul-lu,0.2331
šu-ul-lu-me-en-ka,na-a,0.2971,si-ia-an-ra,0.2702,ul-hi,0.268,(md)hu-ban-nu-me-na-ki,0.2654,e[l?-x-x]-at-tu4,0.2587
an-[za-an],[…]-a,0.3216,[ku-ši-ih],0.2994,ta-ak-ki-ip-pi,0.2767,hi-i-še-e,0.2546,li-gi-e,0.2467
ha-ah-ni-in-ra,mu-uh-du-uh-me,0.3314,[hu-us-si]-ip-me,0.2882,ia-ak,0.281,ri?-im?-um,0.2618,ki-iš-tu4-um-ma,0.2566
du-ni-ih-ši-ni-e,ša-at-ki-me,0.2791,(d)nun.sunki-me,0.2415,šu-lu-me-en-[ka],0.2368,(md)hu-um-ba-nu-me-na-ki],0.2319,si-a-an-ku-uk],0.2285
šu-ut-ku-me,(d)ru-hu-ra-te-ir-me,0.278,pi-it-te-ka,0.2634,mu-ur-ta-an,0.2536,{ku}?-nu-um,0.2426,up-kum-mi-ia,0.2401
hu-ut-tah,si-ia-an-[ku-uk-pa,0.3251,[…]-a,0.282,(d)na-bu-u2,0.2768,ar,0.2624,(d)hu-um-ban,0.2622
pi-ip-ši-it-te,hu-ut2-tak,0.2452,šu-[šu-un-ka,0.2438,[t]e-ip-ti,0.2404,zu-lu-ka-ak,0.2377,ni-im-ma,0.2295
a-pi-te,hi-ih,0.3053,[si]-ia-an-ku-uk,0.238,t]e-la-[ak]-li,0.2333,zu-uz-ka-tah,0.2293,lu-lu-uh-šu,0.2275
li-ki-ir,[a-gi],0.3492,ku-du-um-ma,0.2976,hi-e]n-ka,0.2862,(d)na-ap-ra-te-ip-me,0.276,pu-uk-ši,0.2562
šu-up,ku-ku-un-nu-um],0.3253,[in-ti]-ik-ka,0.2897,in-ti-ik-ka,0.2626,a-ni,0.2475,ša-ri-ik,0.2284
mu-uh-du-uh-me,ha-ah-ni-in-ra,0.3314,si-ia-an-ku-uk-pa],0.3109,ki-it-ti-in,0.308,hu-šu-a,0.2497,ku-ku-un-nu-um,0.2485
si-it-tan-me,ta-an-ra,0.2946,(d)hu-ban-nu-me-en-na-ki,0.2684,me-el-ka-an-ra,0.2422,ha-al-ma-šu-um,0.2393,(md)hu-ban-nu-me-na-gi,0.2359
(d)te-ip-ti,šu-ut-me,0.3329,in]-ti-ig-[ga],0.2729,a-lu-mi-im-ma,0.2571,u2-pa-ti-pi,0.2522,si-ia-a-an-ku-uk-me,0.2283
(d)ma-áš-ti,tu4-up-pi-me,0.26,me-it-ki-ni,0.2473,a-lu-me-lu,0.2447,te-la-ak-li,0.2256,ha-li-ih,0.223
me-it-ki-ni,[te-ip]-ti,0.2737,pi-li-in,0.257,[…]-ti-ia,0.252,(d)ma-áš-ti,0.2473,si-ir-ha-al-te,0.2435
ip,hi-ih-li,0.2914,[šu-šu-un-ka,0.2774,in-di-ik-ka,0.271,su-un-ki-i[k],0.2423,ki-ib-ra-at,0.2283
uk-ku-pi,ta-ri-ir,0.3496,[hi]-ih,0.2729,ki-it-ti-im-ma,0.2725,mu-ur-ti,0.2624,(d)hu-um-ban,0.2568
na-pir2-ri-ša-ar-ra-pi,x-pa-lu,0.2969,si-ia-an-i-me,0.2814,ša-[ak,0.2586,uk-ku-ma,0.2521,šu-ul-lu-me-en-ka,0.2458
(d)pi-el-ti-ya,up-qu-mi-ma,0.3694,a-lu-me-lu,0.3133,te-la-ak-ni,0.3037,(d)na-ah-hu-un-te-ir,0.2879,hi-e]n-ka,0.2816
pi-li-in,hu-pi-e,0.3174,[h]a-li-ik,0.294,su-un-ki-ir,0.2719,in-di-ig-ga4,0.2648,me-it-ki-ni,0.257
na-ah-hu-un-te-ir,me-[lu]-uk-ra,0.2982,[…]-nu-me-na-gi,0.2819,ki-ib-ra-at3,0.265,pi-tu4-um-ma,0.258,[…]-ar-na,0.2199
(d)in-šu-uš-na-ak-ri,(d)in-šu-ši-na-ak,0.3157,hu-ut-tak-ha-li-ku,0.3078,(d)hi-iš-mi-ti-ik,0.2799,in-di-ig-ga,0.2701,hu-ut-tak-ha-li-ik,0.2596
ha-<at>,(d)in-šu-uš-na-ak4,0.3044,su-un-ki]-ik,0.2914,en,0.2873,h[u-ut-tak-h]a-li-ik,0.2845,mi-el-ki,0.2741
su-ku-un-ra,ku-du-ni,0.3183,ha-di-en,0.2859,hi?-[…],0.2513,hi-še,0.2368,(d)na-bu-me,0.2294
tu4-up-pi-me,(d)zu-un-ki-ir-ri-ša-ar-ra,0.416,hu-ut-tah-ša,0.2807,la-an-si-ti-ir-ra,0.2717,(d)ma-áš-ti,0.26,zu-[un-ki-me,0.2572
hu-tu4-un-ra,hu]-uh-tah,0.4102,in-[ti-ik-ka,0.3471,an-ka,0.3307,pi-du-um-ma,0.2769,šu-ul-lu-me-ka,0.2597
hu-ma-an-ra,a-ni,0.261,la-an-si-ti-ra,0.2473,ta-ak-ki-ip-pi,0.2323,[si]-ia-an-ku-uk,0.2261,hi-[en-g]a,0.2242
sa-al-mu-um,[…]-nu-me-na-gi,0.2484,(md)hu-um-[ban-nu-me-na-gi,0.2417,šu-tu4-ur,0.233,ha-ta-am-ti-ir,0.2314,si-li-in,0.2268
(f)na-pír-a-su,ha-ap-pa-ti-iš,0.3369,a-pu-un,0.3093,(md)hu-um-ban-nu-me]-na-gi,0.297,ki-ik-ki-ti-ih,0.278,ša-ak,0.2779
(f)na-pir2-a-su,[si]-ia-an-ku-uk,0.3061,ša-at-ki-me,0.3029,sah-ri,0.2875,(d)in-šu-uš]-na-ak,0.2742,si-it-me,0.2602
